"//ru.aliexpress.com/item/Free-Shipping-New-Copa-Mundial-men-FG-Football-Shoes-Soccer-Cleats-soccer-boots-kids-boys-training/32478449474.html?ws_ab_test=searchweb0_0,searchweb201602_1_10152_10065_10151_10208_10068_10136_10137_10060_10155_10062_437_10154_10056_10055_10054_10059_303_100031_10099_10103_10102_10096_10052_10053_10142_10107_10050_10051_10170_10084_10083_10119_10080_10082_10081_10110_519_10111_10112_10113_10114_10182_10078_10079_10073_10123_10120_10189_10127_142_10125-10119,searchweb201603_9,ppcSwitch_4&btsid=8110e8d3-f1e6-464b-ab17-87cae42d8ca7&algo_expid=3313f1cb-f762-4e5b-9c44-6a95e5f24c62-0&algo_pvid=3313f1cb-f762-4e5b-9c44-6a95e5f24c62","Новый 2017 Мужчины Мальчики Дети FG Футбольные Бутсы Футбольные Бутсы Футбольные Ботинки Дети Обучение Футбольные Бутсы 33-44 Ch...","1 185,60 - 1 457,29 руб."," Заказы (235)","https://ae01.alicdn.com/kf/HTB1DGqnNpXXXXXcXXXXq6xXFXXXQ/Free-Shipping-New-Copa-Mundial-men-FG-Football-Shoes-Soccer-Cleats-soccer-boots-kids-boys-training.jpg_220x220.jpg"
"//ru.aliexpress.com/item/Men-Soccer-Shoes-2015-Sport-Football-Shoes-for-Man-Boys-Outdoor-Long-Spikes-FG-Football-Sneakers/32478607307.html?ws_ab_test=searchweb0_0,searchweb201602_1_10152_10065_10151_10208_10068_10136_10137_10060_10155_10062_437_10154_10056_10055_10054_10059_303_100031_10099_10103_10102_10096_10052_10053_10142_10107_10050_10051_10170_10084_10083_10119_10080_10082_10081_10110_519_10111_10112_10113_10114_10182_10078_10079_10073_10123_10120_10189_10127_142_10125-10119,searchweb201603_9,ppcSwitch_4&btsid=8110e8d3-f1e6-464b-ab17-87cae42d8ca7&algo_expid=3313f1cb-f762-4e5b-9c44-6a95e5f24c62-1&algo_pvid=3313f1cb-f762-4e5b-9c44-6a95e5f24c62","Leoci Мужчины Футбольные Бутсы Спорт Футбол Обувь для Человека Мальчиков Открытый Длинные Шипы FG Футбол Кроссовки Футбольные Бу...","1 181,27 - 1 443,71 руб."," Заказы (41)","https://ae01.alicdn.com/kf/HTB1OuC9JFXXXXcHXFXXq6xXFXXXS/Men-Soccer-Shoes-2015-Sport-Football-Shoes-for-Man-Boys-Outdoor-Long-Spikes-FG-Football-Sneakers.jpg_220x220.jpg"
"//ru.aliexpress.com/item/TIEBAO-Professional-HG-AG-Sole-Soccer-Cleats-Outdoor-Soccer-Shoes-Men-Women-Athletic-Training-Football-Boots/32477525210.html?ws_ab_test=searchweb0_0,searchweb201602_1_10152_10065_10151_10208_10068_10136_10137_10060_10155_10062_437_10154_10056_10055_10054_10059_303_100031_10099_10103_10102_10096_10052_10053_10142_10107_10050_10051_10170_10084_10083_10119_10080_10082_10081_10110_519_10111_10112_10113_10114_10182_10078_10079_10073_10123_10120_10189_10127_142_10125-10119,searchweb201603_9,ppcSwitch_4&btsid=8110e8d3-f1e6-464b-ab17-87cae42d8ca7&algo_expid=3313f1cb-f762-4e5b-9c44-6a95e5f24c62-2&algo_pvid=3313f1cb-f762-4e5b-9c44-6a95e5f24c62","TIEBAO Профессиональные FG и HG и Подошвы AG Футбольные Бутсы открытый Обувь Мужчины Женщины Обучение Бутсы скобы де ноги","1 826,56 руб."," Заказы (22)","https://ae01.alicdn.com/kf/HTB1YPkGPFXXXXcqaXXXq6xXFXXXq/TIEBAO-Professional-HG-AG-Sole-Soccer-Cleats-Outdoor-Soccer-Shoes-Men-Women-Athletic-Training-Football-Boots.jpg_220x220.jpg"
"//ru.aliexpress.com/item/TIEBAO-Professional-Outdoor-Sport-Soccer-Shoes-Size-36-43-Botas-De-Futbol-Sneakers-Men-Woment-FG/32755518475.html?ws_ab_test=searchweb0_0,searchweb201602_1_10152_10065_10151_10208_10068_10136_10137_10060_10155_10062_437_10154_10056_10055_10054_10059_303_100031_10099_10103_10102_10096_10052_10053_10142_10107_10050_10051_10170_10084_10083_10119_10080_10082_10081_10110_519_10111_10112_10113_10114_10182_10078_10079_10073_10123_10120_10189_10127_142_10125-10119,searchweb201603_9,ppcSwitch_4&btsid=8110e8d3-f1e6-464b-ab17-87cae42d8ca7&algo_expid=3313f1cb-f762-4e5b-9c44-6a95e5f24c62-3&algo_pvid=3313f1cb-f762-4e5b-9c44-6a95e5f24c62","Tiebao профессиональные открытый спорт футбол обувь размер 36-43 botas de futbol кроссовки мужчины женщины fg и hg подошвы футбо...","1 615,37 руб."," Заказы (18)","https://ae01.alicdn.com/kf/HTB1WFG3PFXXXXXraXXXq6xXFXXXl/TIEBAO-Professional-Outdoor-Sport-Soccer-Shoes-Size-36-43-Botas-De-Futbol-Sneakers-Men-Woment-FG.jpg_220x220.jpg"
"//ru.aliexpress.com/item/Air-Filter-Fits-CY-Zenoha-Engines-for-RC-1-5-FG-HPI-ROVAN-KM-BAJA-MONSTER/2048756229.html?ws_ab_test=searchweb0_0,searchweb201602_1_10152_10065_10151_10208_10068_10136_10137_10060_10155_10062_437_10154_10056_10055_10054_10059_303_100031_10099_10103_10102_10096_10052_10053_10142_10107_10050_10051_10170_10084_10083_10119_10080_10082_10081_10110_519_10111_10112_10113_10114_10182_10078_10079_10073_10123_10120_10189_10127_142_10125-10120,searchweb201603_9,ppcSwitch_4&btsid=8110e8d3-f1e6-464b-ab17-87cae42d8ca7&algo_expid=3313f1cb-f762-4e5b-9c44-6a95e5f24c62-4&algo_pvid=3313f1cb-f762-4e5b-9c44-6a95e5f24c62","Rc автомобиль воздушный фильтр подходит dip-cy Zenoha двигатели для RC 1/5 FG HPI ROVAN км BAJA монстр грузовик","1 037,40 - 1 605,49 руб."," Заказы (24)","https://ae01.alicdn.com/kf/HTB1KMooJXXXXXXHXVXXq6xXFXXXj/Air-Filter-Fits-CY-Zenoha-Engines-for-RC-1-5-FG-HPI-ROVAN-KM-BAJA-MONSTER.jpg_220x220.jpg"
"//ru.aliexpress.com/item/Free-shipping-FS-MCD-FG-CEN-REELY-1-5-scale-RC-car-lower-suspension-arm-for/1873910681.html?ws_ab_test=searchweb0_0,searchweb201602_1_10152_10065_10151_10208_10068_10136_10137_10060_10155_10062_437_10154_10056_10055_10054_10059_303_100031_10099_10103_10102_10096_10052_10053_10142_10107_10050_10051_10170_10084_10083_10119_10080_10082_10081_10110_519_10111_10112_10113_10114_10182_10078_10079_10073_10123_10120_10189_10127_142_10125-10102_10120,searchweb201603_9,ppcSwitch_4&btsid=8110e8d3-f1e6-464b-ab17-87cae42d8ca7&algo_expid=3313f1cb-f762-4e5b-9c44-6a95e5f24c62-5&algo_pvid=3313f1cb-f762-4e5b-9c44-6a95e5f24c62","Realts 112005 fs гонки/mcd/fg/cen/reely 1/5 масштаб rc автомобилей нижнего рычага подвески для багги, Truggy, MT, SC","616,88 руб."," Заказы (25)","https://ae01.alicdn.com/kf/HTB1nq6OQpXXXXcnaXXXq6xXFXXXa/Free-shipping-FS-MCD-FG-CEN-REELY-1-5-scale-RC-car-lower-suspension-arm-for.jpg_220x220.jpg"
"//ru.aliexpress.com/item/TIEBAO-Brand-Professional-Soccer-Shoes-Adult-Outdoor-Sports-AG-HG-Sole-Sneakers-Men-Teenagers-Athletic-Training/32747100190.html?ws_ab_test=searchweb0_0,searchweb201602_1_10152_10065_10151_10208_10068_10136_10137_10060_10155_10062_437_10154_10056_10055_10054_10059_303_100031_10099_10103_10102_10096_10052_10053_10142_10107_10050_10051_10170_10084_10083_10119_10080_10082_10081_10110_519_10111_10112_10113_10114_10182_10078_10079_10073_10123_10120_10189_10127_142_10125-10120,searchweb201603_9,ppcSwitch_4&btsid=8110e8d3-f1e6-464b-ab17-87cae42d8ca7&algo_expid=3313f1cb-f762-4e5b-9c44-6a95e5f24c62-6&algo_pvid=3313f1cb-f762-4e5b-9c44-6a95e5f24c62","TIEBAO Профессиональные Футбольные Бутсы Взрослых Спорт На Открытом Воздухе FG и HG Подошвы Кроссовки Мужчины Подростки Athletic...","1 731,46 - 1 779,01 руб."," Заказы (21)","https://ae01.alicdn.com/kf/HTB1ItINPFXXXXXCaXXXq6xXFXXXo/TIEBAO-Brand-Professional-Soccer-Shoes-Adult-Outdoor-Sports-AG-HG-Sole-Sneakers-Men-Teenagers-Athletic-Training.jpg_220x220.jpg"
"//ru.aliexpress.com/item/Outdoor-Lawn-Soccer-Shoes-Men-FG-Football-Shoes-Boots-Long-Spikers-Soccer-Boot-Cleats-Trainer-Sport/32782474405.html?ws_ab_test=searchweb0_0,searchweb201602_1_10152_10065_10151_10208_10068_10136_10137_10060_10155_10062_437_10154_10056_10055_10054_10059_303_100031_10099_10103_10102_10096_10052_10053_10142_10107_10050_10051_10170_10084_10083_10119_10080_10082_10081_10110_519_10111_10112_10113_10114_10182_10078_10079_10073_10123_10120_10189_10127_142_10125,searchweb201603_9,ppcSwitch_4&btsid=8110e8d3-f1e6-464b-ab17-87cae42d8ca7&algo_expid=3313f1cb-f762-4e5b-9c44-6a95e5f24c62-7&algo_pvid=3313f1cb-f762-4e5b-9c44-6a95e5f24c62","LEOCI Открытый Газон Футбольные Бутсы Мужчины FG Футбольные Бутсы Сапоги Длинные Spikers Футбол Загрузки Утки Тренер Спорт Футбо...","1 031,22 - 1 278,22 руб."," Заказы (107)","https://ae01.alicdn.com/kf/HTB10m8dQFXXXXcjXXXXq6xXFXXX7/Outdoor-Lawn-Soccer-Shoes-Men-FG-Football-Shoes-Boots-Long-Spikers-Soccer-Boot-Cleats-Trainer-Sport.jpg_220x220.jpg"
"//ru.aliexpress.com/item/2016-New-Arrival-None-Men-Long-Spikes-Rubber-Outdoor-Lawn-Dmx-Leather-Rubber-Cotton-Fabric-Lace/32682778844.html?ws_ab_test=searchweb0_0,searchweb201602_1_10152_10065_10151_10208_10068_10136_10137_10060_10155_10062_437_10154_10056_10055_10054_10059_303_100031_10099_10103_10102_10096_10052_10053_10142_10107_10050_10051_10170_10084_10083_10119_10080_10082_10081_10110_519_10111_10112_10113_10114_10182_10078_10079_10073_10123_10120_10189_10127_142_10125-10120,searchweb201603_9,ppcSwitch_4&btsid=8110e8d3-f1e6-464b-ab17-87cae42d8ca7&algo_expid=3313f1cb-f762-4e5b-9c44-6a95e5f24c62-8&algo_pvid=3313f1cb-f762-4e5b-9c44-6a95e5f24c62","Мужские ботинки бутсы длинные шипы FG Мужчины бутсы на открытом воздухе Обучение футбольные бутсы chuteira Futebol хороший футбо...","1 661,07 руб."," Заказы (7)","https://ae01.alicdn.com/kf/HTB1O1r5KpXXXXc0XFXXq6xXFXXX1/2016-New-Arrival-None-Men-Long-Spikes-Rubber-Outdoor-Lawn-Dmx-Leather-Rubber-Cotton-Fabric-Lace.jpg_220x220.jpg"
"//ru.aliexpress.com/item/32cc-Big-Bore-UPGRADE-KIT-38mm-fit-26cc-29cc-30-5CC-Zenoah-for-baja-Losi-5T/32745832465.html?ws_ab_test=searchweb0_0,searchweb201602_1_10152_10065_10151_10208_10068_10136_10137_10060_10155_10062_437_10154_10056_10055_10054_10059_303_100031_10099_10103_10102_10096_10052_10053_10142_10107_10050_10051_10170_10084_10083_10119_10080_10082_10081_10110_519_10111_10112_10113_10114_10182_10078_10079_10073_10123_10120_10189_10127_142_10125-10120,searchweb201603_9,ppcSwitch_4&btsid=8110e8d3-f1e6-464b-ab17-87cae42d8ca7&algo_expid=3313f1cb-f762-4e5b-9c44-6a95e5f24c62-9&algo_pvid=3313f1cb-f762-4e5b-9c44-6a95e5f24c62","32cc Большая Скважина КОМПЛЕКТ ОБНОВЛЕНИЯ 38 мм подходит Zenoah 26cc 29cc 30.5CC для baja Losi 5 Т FG","4 395,95 руб."," Заказы (10)","https://ae01.alicdn.com/kf/HTB1PECANFXXXXXxXpXXq6xXFXXXV/32cc-Big-Bore-UPGRADE-KIT-38mm-fit-26cc-29cc-30-5CC-Zenoah-for-baja-Losi-5T.jpg_220x220.jpg"
"//ru.aliexpress.com/item/SexeMare-Mens-Football-Boots-Sale-High-Top-Obra-2017-Soccer-Cleats-Cheap-AG-FG-Soccer-Shoes/32810674940.html?ws_ab_test=searchweb0_0,searchweb201602_1_10152_10065_10151_10208_10068_10136_10137_10060_10155_10062_437_10154_10056_10055_10054_10059_303_100031_10099_10103_10102_10096_10052_10053_10142_10107_10050_10051_10170_10084_10083_10119_10080_10082_10081_10110_519_10111_10112_10113_10114_10182_10078_10079_10073_10123_10120_10189_10127_142_10125-10119,searchweb201603_9,ppcSwitch_4&btsid=8110e8d3-f1e6-464b-ab17-87cae42d8ca7&algo_expid=3313f1cb-f762-4e5b-9c44-6a95e5f24c62-10&algo_pvid=3313f1cb-f762-4e5b-9c44-6a95e5f24c62","SexeMare Мужские Футбольные Бутсы Продажа Высокого Топ Obra 2017 Футбол Бутсы Дешевые AG FG Футбол Обувь Желтый Зеленый Буле Бел...","3 383,88 руб."," Заказы (5)","https://ae01.alicdn.com/kf/HTB1kfCJRXXXXXcNXXXXq6xXFXXXI/SexeMare-Mens-Football-Boots-Sale-High-Top-Obra-2017-Soccer-Cleats-Cheap-AG-FG-Soccer-Shoes.jpg_220x220.jpg"
"//ru.aliexpress.com/item/DR-EAGLE-high-ankle-football-boots-soccer-shoes-with-ankle-sock-original-soccer-cleats-superfly-for/32806018269.html?ws_ab_test=searchweb0_0,searchweb201602_1_10152_10065_10151_10208_10068_10136_10137_10060_10155_10062_437_10154_10056_10055_10054_10059_303_100031_10099_10103_10102_10096_10052_10053_10142_10107_10050_10051_10170_10084_10083_10119_10080_10082_10081_10110_519_10111_10112_10113_10114_10182_10078_10079_10073_10123_10120_10189_10127_142_10125-10120,searchweb201603_9,ppcSwitch_4&btsid=8110e8d3-f1e6-464b-ab17-87cae42d8ca7&algo_expid=3313f1cb-f762-4e5b-9c44-6a95e5f24c62-11&algo_pvid=3313f1cb-f762-4e5b-9c44-6a95e5f24c62","Dr. eagle высокого лодыжки футбол сапоги футбол обувь с лодыжки носок оригинальные футбольные бутсы superfly для ag/fg 39-44","1 635,75 руб."," Заказы (3)","https://ae01.alicdn.com/kf/HTB1W2ziQFXXXXXMaFXXq6xXFXXXZ/DR-EAGLE-high-ankle-football-boots-soccer-shoes-with-ankle-sock-original-soccer-cleats-superfly-for.jpg_220x220.jpg"
"//ru.aliexpress.com/item/Leoci-Men-Football-Boots-Outdoor-FG-Soccer-Shoes-Chuteiras-De-Futebol-High-Quality-Trainers-Sneakers-for/32778299369.html?ws_ab_test=searchweb0_0,searchweb201602_1_10152_10065_10151_10208_10068_10136_10137_10060_10155_10062_437_10154_10056_10055_10054_10059_303_100031_10099_10103_10102_10096_10052_10053_10142_10107_10050_10051_10170_10084_10083_10119_10080_10082_10081_10110_519_10111_10112_10113_10114_10182_10078_10079_10073_10123_10120_10189_10127_142_10125-10120,searchweb201603_9,ppcSwitch_4&btsid=8110e8d3-f1e6-464b-ab17-87cae42d8ca7&algo_expid=3313f1cb-f762-4e5b-9c44-6a95e5f24c62-12&algo_pvid=3313f1cb-f762-4e5b-9c44-6a95e5f24c62","Leoci Мужчины Футбольные Бутсы Открытый FG Футбольные Бутсы Chuteiras Де Futebol Высокое Качество Тренеры Кроссовки для ДЕТЕЙ Vo...","1 220,18 - 1 316,50 руб."," Заказы (46)","https://ae01.alicdn.com/kf/HTB13OxCOFXXXXcpXVXXq6xXFXXXO/Leoci-Men-Football-Boots-Outdoor-FG-Soccer-Shoes-Chuteiras-De-Futebol-High-Quality-Trainers-Sneakers-for.jpg_220x220.jpg"
"//ru.aliexpress.com/item/Professional-Adults-Men-s-Outdoor-Soccer-Cleats-Ankle-Top-TF-FG-Soccer-Football-Boots-Trainers-Sports/32810496706.html?ws_ab_test=searchweb0_0,searchweb201602_1_10152_10065_10151_10208_10068_10136_10137_10060_10155_10062_437_10154_10056_10055_10054_10059_303_100031_10099_10103_10102_10096_10052_10053_10142_10107_10050_10051_10170_10084_10083_10119_10080_10082_10081_10110_519_10111_10112_10113_10114_10182_10078_10079_10073_10123_10120_10189_10127_142_10125-10050_10111_10120,searchweb201603_9,ppcSwitch_4&btsid=8110e8d3-f1e6-464b-ab17-87cae42d8ca7&algo_expid=3313f1cb-f762-4e5b-9c44-6a95e5f24c62-13&algo_pvid=3313f1cb-f762-4e5b-9c44-6a95e5f24c62","Профессиональные Взрослых мужская Открытый Футбол Бутсы Верхней Лодыжки TF/FG Футбольные Бутсы Тренеры Спортивные Кроссовки Обув...","1 163,37 - 1 454,82 руб."," Заказы (171)","https://ae01.alicdn.com/kf/HTB1lzxORXXXXXaKXVXXq6xXFXXXv/Professional-Adults-Men-s-Outdoor-Soccer-Cleats-Ankle-Top-TF-FG-Soccer-Football-Boots-Trainers-Sports.jpg_220x220.jpg"
"//ru.aliexpress.com/item/New-Hot-Professional-FG-HG-AG-Soles-Soccer-Cleats-Outdoor-Soccer-Shoes-Men-Women-Training-Football/32698931258.html?ws_ab_test=searchweb0_0,searchweb201602_1_10152_10065_10151_10208_10068_10136_10137_10060_10155_10062_437_10154_10056_10055_10054_10059_303_100031_10099_10103_10102_10096_10052_10053_10142_10107_10050_10051_10170_10084_10083_10119_10080_10082_10081_10110_519_10111_10112_10113_10114_10182_10078_10079_10073_10123_10120_10189_10127_142_10125-10120,searchweb201603_9,ppcSwitch_4&btsid=8110e8d3-f1e6-464b-ab17-87cae42d8ca7&algo_expid=3313f1cb-f762-4e5b-9c44-6a95e5f24c62-14&algo_pvid=3313f1cb-f762-4e5b-9c44-6a95e5f24c62","Новый Горячий Профессиональный FG и HG и Подошвы AG Футбольные Бутсы открытый Обувь Мужчины Женщины Обучение Бутсы скобы де ног","1 666,62 руб."," Заказы (114)","https://ae01.alicdn.com/kf/HTB1BQGGKVXXXXaNXVXXq6xXFXXXD/New-Hot-Professional-FG-HG-AG-Soles-Soccer-Cleats-Outdoor-Soccer-Shoes-Men-Women-Training-Football.jpg_220x220.jpg"
"//ru.aliexpress.com/item/8000-RPM-8K-Clutch-Kit-fits-HPI-FG-FS-Rovan-KingMotor-Redcat-Losi-HSP-Baja-5B/32715189990.html?ws_ab_test=searchweb0_0,searchweb201602_1_10152_10065_10151_10208_10068_10136_10137_10060_10155_10062_437_10154_10056_10055_10054_10059_303_100031_10099_10103_10102_10096_10052_10053_10142_10107_10050_10051_10170_10084_10083_10119_10080_10082_10081_10110_519_10111_10112_10113_10114_10182_10078_10079_10073_10123_10120_10189_10127_142_10125-10102,searchweb201603_9,ppcSwitch_4&btsid=8110e8d3-f1e6-464b-ab17-87cae42d8ca7&algo_expid=3313f1cb-f762-4e5b-9c44-6a95e5f24c62-15&algo_pvid=3313f1cb-f762-4e5b-9c44-6a95e5f24c62","1/5 rc автомобиль газ 8000 ОБ./МИН. 8 К Сцепления Kit подходит для HPI FS FG Rovan KingMotor Losi Redcat HSP Baja 5B SS SC 5 Т","432,25 руб."," Заказы (32)","https://ae01.alicdn.com/kf/HTB1Dxi5LpXXXXbsXpXXq6xXFXXXx/8000-RPM-8K-Clutch-Kit-fits-HPI-FG-FS-Rovan-KingMotor-Redcat-Losi-HSP-Baja-5B.jpg_220x220.jpg"
"//ru.aliexpress.com/item/2017-Super-Cool-New-Men-and-Boys-Outdoor-Soccer-Cleats-Shoes-FG-Football-Shoes-Night-Light/32801407639.html?ws_ab_test=searchweb0_0,searchweb201602_1_10152_10065_10151_10208_10068_10136_10137_10060_10155_10062_437_10154_10056_10055_10054_10059_303_100031_10099_10103_10102_10096_10052_10053_10142_10107_10050_10051_10170_10084_10083_10119_10080_10082_10081_10110_519_10111_10112_10113_10114_10182_10078_10079_10073_10123_10120_10189_10127_142_10125-10119,searchweb201603_9,ppcSwitch_4&btsid=8110e8d3-f1e6-464b-ab17-87cae42d8ca7&algo_expid=3313f1cb-f762-4e5b-9c44-6a95e5f24c62-16&algo_pvid=3313f1cb-f762-4e5b-9c44-6a95e5f24c62","2017 Super Cool Новых Мужчин и Мальчиков На Открытом Воздухе Утки Футбол Обувь FG Футбол Обувь Night Light Обувь Обучение Спорт ...","3 254,82 руб."," Заказы (0)","https://ae01.alicdn.com/kf/HTB1fZdEQXXXXXa1apXXq6xXFXXXx/2017-Super-Cool-New-Men-and-Boys-Outdoor-Soccer-Cleats-Shoes-FG-Football-Shoes-Night-Light.jpg_220x220.jpg"
"//ru.aliexpress.com/item/RC-1-5-Monster-Truck-Aluminum-Side-Exhaust-pipe-Fit-HSP-Baja-SS-FG-15003/32753159244.html?ws_ab_test=searchweb0_0,searchweb201602_1_10152_10065_10151_10208_10068_10136_10137_10060_10155_10062_437_10154_10056_10055_10054_10059_303_100031_10099_10103_10102_10096_10052_10053_10142_10107_10050_10051_10170_10084_10083_10119_10080_10082_10081_10110_519_10111_10112_10113_10114_10182_10078_10079_10073_10123_10120_10189_10127_142_10125,searchweb201603_9,ppcSwitch_4&btsid=8110e8d3-f1e6-464b-ab17-87cae42d8ca7&algo_expid=3313f1cb-f762-4e5b-9c44-6a95e5f24c62-17&algo_pvid=3313f1cb-f762-4e5b-9c44-6a95e5f24c62","RC 1:5 Monster Truck Алюминиевыми Боковыми Выхлопная труба Fit HSP Baja СС Ф. 15003","1 227,59 руб."," Заказы (19)","https://ae01.alicdn.com/kf/HTB1muchNFXXXXcsapXXq6xXFXXXc/RC-1-5-Monster-Truck-Aluminum-Side-Exhaust-pipe-Fit-HSP-Baja-SS-FG-15003.jpg_220x220.jpg"
"//ru.aliexpress.com/item/High-Quality-Professional-FG-AG-Football-Boots-Kids-Children-Men-Breathable-Soccer-Shoes-Cleats-Botas-De/32739179196.html?ws_ab_test=searchweb0_0,searchweb201602_1_10152_10065_10151_10208_10068_10136_10137_10060_10155_10062_437_10154_10056_10055_10054_10059_303_100031_10099_10103_10102_10096_10052_10053_10142_10107_10050_10051_10170_10084_10083_10119_10080_10082_10081_10110_519_10111_10112_10113_10114_10182_10078_10079_10073_10123_10120_10189_10127_142_10125-10119,searchweb201603_9,ppcSwitch_4&btsid=8110e8d3-f1e6-464b-ab17-87cae42d8ca7&algo_expid=3313f1cb-f762-4e5b-9c44-6a95e5f24c62-18&algo_pvid=3313f1cb-f762-4e5b-9c44-6a95e5f24c62","Высокое Качество Профессиональных FG AG Футбол Сапоги Дети Дети Мужчины Дышащий Футбольные Бутсы Бутсы Botas Де футбол Размер 33...","1 935,23 руб."," Заказы (29)","https://ae01.alicdn.com/kf/HTB1CyGBNpXXXXbEXpXXq6xXFXXXu/High-Quality-Professional-FG-AG-Football-Boots-Kids-Children-Men-Breathable-Soccer-Shoes-Cleats-Botas-De.jpg_220x220.jpg"
"//ru.aliexpress.com/item/1-5-RC-Tuned-Pipe-FG-Hobbypro-Smartech-Carson-and-XRC/32236089485.html?ws_ab_test=searchweb0_0,searchweb201602_1_10152_10065_10151_10208_10068_10136_10137_10060_10155_10062_437_10154_10056_10055_10054_10059_303_100031_10099_10103_10102_10096_10052_10053_10142_10107_10050_10051_10170_10084_10083_10119_10080_10082_10081_10110_519_10111_10112_10113_10114_10182_10078_10079_10073_10123_10120_10189_10127_142_10125-10119,searchweb201603_9,ppcSwitch_4&btsid=8110e8d3-f1e6-464b-ab17-87cae42d8ca7&algo_expid=3313f1cb-f762-4e5b-9c44-6a95e5f24c62-19&algo_pvid=3313f1cb-f762-4e5b-9c44-6a95e5f24c62","Выхлопная Труба для 1/5 FG Hobbypro Smartech Карсон и XRC Автомобили","2 469,37 руб."," Заказы (0)","https://ae01.alicdn.com/kf/HTB15Z2PRpXXXXXQaFXXq6xXFXXXe/1-5-RC-Tuned-Pipe-FG-Hobbypro-Smartech-Carson-and-XRC-.jpg_220x220.jpg"
"//ru.aliexpress.com/item/YAYA-SSTAR-CURRY2017-men-s-football-shoes-FG-children-with-high-ankle-first-class-football-shoes/32814985195.html?ws_ab_test=searchweb0_0,searchweb201602_1_10152_10065_10151_10208_10068_10136_10137_10060_10155_10062_437_10154_10056_10055_10054_10059_303_100031_10099_10103_10102_10096_10052_10053_10142_10107_10050_10051_10170_10084_10083_10119_10080_10082_10081_10110_519_10111_10112_10113_10114_10182_10078_10079_10073_10123_10120_10189_10127_142_10125-10120,searchweb201603_9,ppcSwitch_4&btsid=8110e8d3-f1e6-464b-ab17-87cae42d8ca7&algo_expid=3313f1cb-f762-4e5b-9c44-6a95e5f24c62-20&algo_pvid=3313f1cb-f762-4e5b-9c44-6a95e5f24c62","ЯЯ SSTAR CURRY2017 мужская футбол обувь FG дети с высоким лодыжки первого класса футбольные бутсы оригинал высокое качество футб...","3 185,66 руб."," Заказы (0)","https://ae01.alicdn.com/kf/HTB1BR2nRFXXXXbLXpXXq6xXFXXXs/YAYA-SSTAR-CURRY2017-men-s-football-shoes-FG-children-with-high-ankle-first-class-football-shoes.jpg_220x220.jpg"
"//ru.aliexpress.com/item/Health-Mens-Soccer-Boots-Cleats-Long-Spikes-FG-kids-Outdoor-Football-Boots-Training-Soccer-Shoes-Football/32787427162.html?ws_ab_test=searchweb0_0,searchweb201602_1_10152_10065_10151_10208_10068_10136_10137_10060_10155_10062_437_10154_10056_10055_10054_10059_303_100031_10099_10103_10102_10096_10052_10053_10142_10107_10050_10051_10170_10084_10083_10119_10080_10082_10081_10110_519_10111_10112_10113_10114_10182_10078_10079_10073_10123_10120_10189_10127_142_10125-10120,searchweb201603_9,ppcSwitch_4&btsid=8110e8d3-f1e6-464b-ab17-87cae42d8ca7&algo_expid=3313f1cb-f762-4e5b-9c44-6a95e5f24c62-21&algo_pvid=3313f1cb-f762-4e5b-9c44-6a95e5f24c62","Health Мужские Футбольные Ботинки Утки Длинные Шипы FG дети Открытый Бутсы Обучение Футбольные Бутсы Футбольные Бутсы кроссовки ...","2 357,60 руб."," Заказы (0)","https://ae01.alicdn.com/kf/HTB1vN2FOVXXXXXHXXXXq6xXFXXX8/Health-Mens-Soccer-Boots-Cleats-Long-Spikes-FG-kids-Outdoor-Football-Boots-Training-Soccer-Shoes-Football.jpg_220x220.jpg"
"//ru.aliexpress.com/item/New-2016-Men-FG-Football-Shoes-Adult-Soccer-Cleats-Soccer-Boots-Kids-Long-Spikes-Training-Football/32754287237.html?ws_ab_test=searchweb0_0,searchweb201602_1_10152_10065_10151_10208_10068_10136_10137_10060_10155_10062_437_10154_10056_10055_10054_10059_303_100031_10099_10103_10102_10096_10052_10053_10142_10107_10050_10051_10170_10084_10083_10119_10080_10082_10081_10110_519_10111_10112_10113_10114_10182_10078_10079_10073_10123_10120_10189_10127_142_10125-10120,searchweb201603_9,ppcSwitch_4&btsid=8110e8d3-f1e6-464b-ab17-87cae42d8ca7&algo_expid=3313f1cb-f762-4e5b-9c44-6a95e5f24c62-22&algo_pvid=3313f1cb-f762-4e5b-9c44-6a95e5f24c62","Новый 2016 Мужчины FG Футбол Обувь Для Взрослых Футбол Утки Футбол Сапоги Дети Длинные Шипы Обучение Футбольные Бутсы Мужской Ch...","1 234,38 - 1 481,38 руб."," Заказы (18)","https://ae01.alicdn.com/kf/HTB1j0NbNVXXXXXDXVXXq6xXFXXXy/New-2016-Men-FG-Football-Shoes-Adult-Soccer-Cleats-Soccer-Boots-Kids-Long-Spikes-Training-Football.jpg_220x220.jpg"
"//ru.aliexpress.com/item/1-5-KM-Rovan-Redcat-HPI-Losi-Baja-5ive-T-DBXL-MCD-FG-Gas-Engine-29cc/32772752966.html?ws_ab_test=searchweb0_0,searchweb201602_1_10152_10065_10151_10208_10068_10136_10137_10060_10155_10062_437_10154_10056_10055_10054_10059_303_100031_10099_10103_10102_10096_10052_10053_10142_10107_10050_10051_10170_10084_10083_10119_10080_10082_10081_10110_519_10111_10112_10113_10114_10182_10078_10079_10073_10123_10120_10189_10127_142_10125,searchweb201603_9,ppcSwitch_4&btsid=8110e8d3-f1e6-464b-ab17-87cae42d8ca7&algo_expid=3313f1cb-f762-4e5b-9c44-6a95e5f24c62-23&algo_pvid=3313f1cb-f762-4e5b-9c44-6a95e5f24c62","1/5 Redcat HPI KM Rovan Baja Losi 5ive-T DBXL MCD FG Газовый Двигатель 29cc 30.5cc 32cc 35cc","7 965,69 - 12 967,40 руб."," Заказы (7)","https://ae01.alicdn.com/kf/HTB1uj6vOpXXXXbGaXXXq6xXFXXXl/1-5-KM-Rovan-Redcat-HPI-Losi-Baja-5ive-T-DBXL-MCD-FG-Gas-Engine-29cc.jpg_220x220.jpg"
"//ru.aliexpress.com/item/Crackle-Mens-FG-Soccer-Shoes-2017-Superfly-New-Top-Football-Boots-Kids-Football-Sneakers-Cheap-TPU/32791074538.html?ws_ab_test=searchweb0_0,searchweb201602_1_10152_10065_10151_10208_10068_10136_10137_10060_10155_10062_437_10154_10056_10055_10054_10059_303_100031_10099_10103_10102_10096_10052_10053_10142_10107_10050_10051_10170_10084_10083_10119_10080_10082_10081_10110_519_10111_10112_10113_10114_10182_10078_10079_10073_10123_10120_10189_10127_142_10125-10120,searchweb201603_9,ppcSwitch_4&btsid=8110e8d3-f1e6-464b-ab17-87cae42d8ca7&algo_expid=3313f1cb-f762-4e5b-9c44-6a95e5f24c62-24&algo_pvid=3313f1cb-f762-4e5b-9c44-6a95e5f24c62","Leoci мужчины FG футбольные бутсы 2017 Superfly новый топ футбол женские футбольные кроссовки дешевые футзалу ТПУ футбольные бут...","1 410,98 - 1 582,64 руб."," Заказы (8)","https://ae01.alicdn.com/kf/HTB1RSuxPpXXXXaAapXXq6xXFXXXL/Crackle-Mens-FG-Soccer-Shoes-2017-Superfly-New-Top-Football-Boots-Kids-Football-Sneakers-Cheap-TPU.jpg_220x220.jpg"
"//ru.aliexpress.com/item/New-Men-Kids-Boys-FG-Soccer-Shoes-High-Ankle-Football-Boots-Shoes-Botas-De-Futbol-Con/32727464912.html?ws_ab_test=searchweb0_0,searchweb201602_1_10152_10065_10151_10208_10068_10136_10137_10060_10155_10062_437_10154_10056_10055_10054_10059_303_100031_10099_10103_10102_10096_10052_10053_10142_10107_10050_10051_10170_10084_10083_10119_10080_10082_10081_10110_519_10111_10112_10113_10114_10182_10078_10079_10073_10123_10120_10189_10127_142_10125-10120,searchweb201603_9,ppcSwitch_4&btsid=8110e8d3-f1e6-464b-ab17-87cae42d8ca7&algo_expid=3313f1cb-f762-4e5b-9c44-6a95e5f24c62-25&algo_pvid=3313f1cb-f762-4e5b-9c44-6a95e5f24c62","Новый Мужчины Дети Мальчики FG Футбол Обувь Высокого Лодыжки Футбол Сапоги обувь Botas De Futbol Con Tobillera 2016 Футбол Бутсы...","3 087,48 - 3 396,23 руб."," Заказы (8)","https://ae01.alicdn.com/kf/HTB1ZwazNXXXXXcAXpXXq6xXFXXXs/New-Men-Kids-Boys-FG-Soccer-Shoes-High-Ankle-Football-Boots-Shoes-Botas-De-Futbol-Con.jpg_220x220.jpg"
"//ru.aliexpress.com/item/New-Adults-Men-s-Outdoor-Soccer-Cleats-Shoes-High-top-TF-FG-Football-Boots-Training-Sports/32808180405.html?ws_ab_test=searchweb0_0,searchweb201602_1_10152_10065_10151_10208_10068_10136_10137_10060_10155_10062_437_10154_10056_10055_10054_10059_303_100031_10099_10103_10102_10096_10052_10053_10142_10107_10050_10051_10170_10084_10083_10119_10080_10082_10081_10110_519_10111_10112_10113_10114_10182_10078_10079_10073_10123_10120_10189_10127_142_10125-10119,searchweb201603_9,ppcSwitch_4&btsid=8110e8d3-f1e6-464b-ab17-87cae42d8ca7&algo_expid=3313f1cb-f762-4e5b-9c44-6a95e5f24c62-26&algo_pvid=3313f1cb-f762-4e5b-9c44-6a95e5f24c62","Новые Взрослых мужская Открытый Футбольные Бутсы, Обувь Высокого верха TF FG Футбольные БУТСЫ Обучение Спорт Кроссовки Мягкие Фу...","1 856,19 - 2 208,78 руб."," Заказы (0)","https://ae01.alicdn.com/kf/HTB1bkWMQVXXXXb5XFXXq6xXFXXX7/New-Adults-Men-s-Outdoor-Soccer-Cleats-Shoes-High-top-TF-FG-Football-Boots-Training-Sports.jpg_220x220.jpg"
"//ru.aliexpress.com/item/1-5-Scale-Gas-Rc-Baja-Tyres-Parts-BM-FG-Truck-Tyres-With-Chrome-Wheel-Hubs/32810939461.html?ws_ab_test=searchweb0_0,searchweb201602_1_10152_10065_10151_10208_10068_10136_10137_10060_10155_10062_437_10154_10056_10055_10054_10059_303_100031_10099_10103_10102_10096_10052_10053_10142_10107_10050_10051_10170_10084_10083_10119_10080_10082_10081_10110_519_10111_10112_10113_10114_10182_10078_10079_10073_10123_10120_10189_10127_142_10125-10120,searchweb201603_9,ppcSwitch_4&btsid=8110e8d3-f1e6-464b-ab17-87cae42d8ca7&algo_expid=3313f1cb-f762-4e5b-9c44-6a95e5f24c62-27&algo_pvid=3313f1cb-f762-4e5b-9c44-6a95e5f24c62","1/5 масштаб газа rc baja шины части rovan бм fg truck tyres with chrome ступицы колеса частей","5 746,41 руб."," Заказы (0)","https://ae01.alicdn.com/kf/HTB12VAkQVXXXXbFXXXXq6xXFXXXa/1-5-Scale-Gas-Rc-Baja-Tyres-Parts-BM-FG-Truck-Tyres-With-Chrome-Wheel-Hubs.jpg_220x220.jpg"
"//ru.aliexpress.com/item/Mens-Firm-Ground-Socer-Boots-Outdoor-FG-Football-Boots-Shoes-Antificial-Gress-Ground-Soccer-Cleats-Botines/32800619661.html?ws_ab_test=searchweb0_0,searchweb201602_1_10152_10065_10151_10208_10068_10136_10137_10060_10155_10062_437_10154_10056_10055_10054_10059_303_100031_10099_10103_10102_10096_10052_10053_10142_10107_10050_10051_10170_10084_10083_10119_10080_10082_10081_10110_519_10111_10112_10113_10114_10182_10078_10079_10073_10123_10120_10189_10127_142_10125-10050_10120,searchweb201603_9,ppcSwitch_4&btsid=8110e8d3-f1e6-464b-ab17-87cae42d8ca7&algo_expid=3313f1cb-f762-4e5b-9c44-6a95e5f24c62-28&algo_pvid=3313f1cb-f762-4e5b-9c44-6a95e5f24c62","Мужские Плотного Грунта Socer Бутсы Открытый FG Футбол Сапоги Обувь Antificial Гресс Грунта Бутсы Ботинес De Futbol","1 284,39 - 1 481,99 руб."," Заказы (6)","https://ae01.alicdn.com/kf/HTB14UoOPVXXXXcoaXXXq6xXFXXXA/Mens-Firm-Ground-Socer-Boots-Outdoor-FG-Football-Boots-Shoes-Antificial-Gress-Ground-Soccer-Cleats-Botines.jpg_220x220.jpg"
"//ru.aliexpress.com/item/New-Arrival-High-Ankle-Soccer-shoes-Outdoor-Lawm-Men-s-FG-Football-Boots-for-Adult-Kids/32809608603.html?ws_ab_test=searchweb0_0,searchweb201602_1_10152_10065_10151_10208_10068_10136_10137_10060_10155_10062_437_10154_10056_10055_10054_10059_303_100031_10099_10103_10102_10096_10052_10053_10142_10107_10050_10051_10170_10084_10083_10119_10080_10082_10081_10110_519_10111_10112_10113_10114_10182_10078_10079_10073_10123_10120_10189_10127_142_10125-10119,searchweb201603_9,ppcSwitch_4&btsid=8110e8d3-f1e6-464b-ab17-87cae42d8ca7&algo_expid=3313f1cb-f762-4e5b-9c44-6a95e5f24c62-29&algo_pvid=3313f1cb-f762-4e5b-9c44-6a95e5f24c62","Новое Прибытие Высокого Лодыжки Футбольные Бутсы Открытый Lawm мужская FG футбольные Бутсы для Взрослых Детей Обучение Бутсы Кро...","3 653,11 руб."," Заказ (1)","https://ae01.alicdn.com/kf/HTB1PJkfQVXXXXaKapXXq6xXFXXX1/New-Arrival-High-Ankle-Soccer-shoes-Outdoor-Lawm-Men-s-FG-Football-Boots-for-Adult-Kids.jpg_220x220.jpg"
"//ru.aliexpress.com/item/NEW-ARRIVED-ZENOAH-26CC-ENGINE-FOR-RC-CAR-FREE-SHIPPING/1218984852.html?ws_ab_test=searchweb0_0,searchweb201602_1_10152_10065_10151_10208_10068_10136_10137_10060_10155_10062_437_10154_10056_10055_10054_10059_303_100031_10099_10103_10102_10096_10052_10053_10142_10107_10050_10051_10170_10084_10083_10119_10080_10082_10081_10110_519_10111_10112_10113_10114_10182_10078_10079_10073_10123_10120_10189_10127_142_10125-10120,searchweb201603_9,ppcSwitch_4&btsid=8110e8d3-f1e6-464b-ab17-87cae42d8ca7&algo_expid=3313f1cb-f762-4e5b-9c44-6a95e5f24c62-30&algo_pvid=3313f1cb-f762-4e5b-9c44-6a95e5f24c62","Япония Zenoah 1:5 RC модели гоночный автомобиль GR260RC 26CC MCD X4 W5 LOSI мини WRC ртр .","31 976,37 руб."," Заказы (0)","https://ae01.alicdn.com/kf/HTB1._XcIXXXXXahXVXXq6xXFXXXG/NEW-ARRIVED-ZENOAH-26CC-ENGINE-FOR-RC-CAR-FREE-SHIPPING-.jpg_220x220.jpg"
"//ru.aliexpress.com/item/New-High-Ankle-Football-Boots-Men-Soccer-Shoes-Boys-Kids-Outdoor-Fustal-Shoes-FG-Football-Shoes/32777036373.html?ws_ab_test=searchweb0_0,searchweb201602_1_10152_10065_10151_10208_10068_10136_10137_10060_10155_10062_437_10154_10056_10055_10054_10059_303_100031_10099_10103_10102_10096_10052_10053_10142_10107_10050_10051_10170_10084_10083_10119_10080_10082_10081_10110_519_10111_10112_10113_10114_10182_10078_10079_10073_10123_10120_10189_10127_142_10125-10120,searchweb201603_9,ppcSwitch_4&btsid=8110e8d3-f1e6-464b-ab17-87cae42d8ca7&algo_expid=3313f1cb-f762-4e5b-9c44-6a95e5f24c62-31&algo_pvid=3313f1cb-f762-4e5b-9c44-6a95e5f24c62","Новые Высокие Лодыжки Футбол Сапоги Мужчины Футбол Обувь Мальчиков Дети открытый Fustal Бутсы FG Футбол Обувь Большой Размер 45 ...","2 051,94 руб."," Заказы (11)","https://ae01.alicdn.com/kf/HTB1yEmlPXXXXXXTaXXXq6xXFXXXj/New-High-Ankle-Football-Boots-Men-Soccer-Shoes-Boys-Kids-Outdoor-Fustal-Shoes-FG-Football-Shoes.jpg_220x220.jpg"
"//ru.aliexpress.com/item/Top-Quality-Soccer-Shoes-FG-men-Football-Shoes-Outdoor-Soccer-Cleats-Boots-mens-Football-Boot-Botas/32617102181.html?ws_ab_test=searchweb0_0,searchweb201602_1_10152_10065_10151_10208_10068_10136_10137_10060_10155_10062_437_10154_10056_10055_10054_10059_303_100031_10099_10103_10102_10096_10052_10053_10142_10107_10050_10051_10170_10084_10083_10119_10080_10082_10081_10110_519_10111_10112_10113_10114_10182_10078_10079_10073_10123_10120_10189_10127_142_10125-10120,searchweb201603_9,ppcSwitch_4&btsid=8110e8d3-f1e6-464b-ab17-87cae42d8ca7&algo_expid=3313f1cb-f762-4e5b-9c44-6a95e5f24c62-32&algo_pvid=3313f1cb-f762-4e5b-9c44-6a95e5f24c62","Tiebao Высочайшее Качество Футбольные Бутсы FG мужчины Футбольные Бутсы Открытый Футбол Сапоги мужские Футбольные Бутсы Botas Де...","1 832,11 руб."," Заказы (0)","https://ae01.alicdn.com/kf/HTB15dN2LVXXXXXAXpXXq6xXFXXX3/Top-Quality-Soccer-Shoes-FG-men-Football-Shoes-Outdoor-Soccer-Cleats-Boots-mens-Football-Boot-Botas.jpg_220x220.jpg"
"//ru.aliexpress.com/item/Womens-Mens-Soccer-Shoes-Sport-Sneakers-Long-Spikes-FG-Men-Football-Shoes-Outdoor-Athletic-Boy-Soccer/32479492796.html?ws_ab_test=searchweb0_0,searchweb201602_1_10152_10065_10151_10208_10068_10136_10137_10060_10155_10062_437_10154_10056_10055_10054_10059_303_100031_10099_10103_10102_10096_10052_10053_10142_10107_10050_10051_10170_10084_10083_10119_10080_10082_10081_10110_519_10111_10112_10113_10114_10182_10078_10079_10073_10123_10120_10189_10127_142_10125-10119,searchweb201603_9,ppcSwitch_4&btsid=8110e8d3-f1e6-464b-ab17-87cae42d8ca7&algo_expid=3313f1cb-f762-4e5b-9c44-6a95e5f24c62-33&algo_pvid=3313f1cb-f762-4e5b-9c44-6a95e5f24c62","Женщин мужские футбольные бутсы спорт кроссовки длинные шипы FG мужчины на открытом воздухе спортивной мальчик футбольные бутсы ...","1 852,49 руб."," Заказы (0)","https://ae01.alicdn.com/kf/HTB1P.C6LFXXXXbmXFXXq6xXFXXXu/Womens-Mens-Soccer-Shoes-Sport-Sneakers-Long-Spikes-FG-Men-Football-Shoes-Outdoor-Athletic-Boy-Soccer.jpg_220x220.jpg"
"//ru.aliexpress.com/item/Mid-Cut-Teenager-Football-Shoes-Outdoor-FG-Soccer-Cleats-Firm-Ground-Kids-Men-Boys-Soccer-Boots/32788954612.html?ws_ab_test=searchweb0_0,searchweb201602_1_10152_10065_10151_10208_10068_10136_10137_10060_10155_10062_437_10154_10056_10055_10054_10059_303_100031_10099_10103_10102_10096_10052_10053_10142_10107_10050_10051_10170_10084_10083_10119_10080_10082_10081_10110_519_10111_10112_10113_10114_10182_10078_10079_10073_10123_10120_10189_10127_142_10125-10119,searchweb201603_9,ppcSwitch_4&btsid=8110e8d3-f1e6-464b-ab17-87cae42d8ca7&algo_expid=3313f1cb-f762-4e5b-9c44-6a95e5f24c62-34&algo_pvid=3313f1cb-f762-4e5b-9c44-6a95e5f24c62","Средний Cut Подросток Футбольные Бутсы Открытый FG Футбол Бутсы Фирма площадка Детский Мужчины Мальчики Футбольные Ботинки Scarp...","1 846,32 руб."," Заказы (5)","https://ae01.alicdn.com/kf/HTB1x4TlPXXXXXbNXpXXq6xXFXXXY/Mid-Cut-Teenager-Football-Shoes-Outdoor-FG-Soccer-Cleats-Firm-Ground-Kids-Men-Boys-Soccer-Boots.jpg_220x220.jpg"
"//ru.aliexpress.com/item/Men-Soccer-Shoes-Kids-TF-Indoor-Football-Boots-FG-Cheap-For-Sale-Children-Sneakers-5247/32813070082.html?ws_ab_test=searchweb0_0,searchweb201602_1_10152_10065_10151_10208_10068_10136_10137_10060_10155_10062_437_10154_10056_10055_10054_10059_303_100031_10099_10103_10102_10096_10052_10053_10142_10107_10050_10051_10170_10084_10083_10119_10080_10082_10081_10110_519_10111_10112_10113_10114_10182_10078_10079_10073_10123_10120_10189_10127_142_10125-10120,searchweb201603_9,ppcSwitch_4&btsid=8110e8d3-f1e6-464b-ab17-87cae42d8ca7&algo_expid=3313f1cb-f762-4e5b-9c44-6a95e5f24c62-35&algo_pvid=3313f1cb-f762-4e5b-9c44-6a95e5f24c62","Мужчины Футбольные Бутсы Дети TF Крытый Футбольные Бутсы FG Дешево Для Продажи Детей Кроссовки #5247","1 824,70 руб."," Заказы (0)","https://ae01.alicdn.com/kf/HTB1comhRpXXXXb9XpXXq6xXFXXX0/Men-Soccer-Shoes-Kids-TF-Indoor-Football-Boots-FG-Cheap-For-Sale-Children-Sneakers-5247.jpg_220x220.jpg"
"//ru.aliexpress.com/item/TOURSH-2017-Outdoor-Lawn-Soccer-Shoes-Men-FG-Football-Shoes-Boots-Long-Spikers-Soccer-Boot-Cleats/32810797088.html?ws_ab_test=searchweb0_0,searchweb201602_1_10152_10065_10151_10208_10068_10136_10137_10060_10155_10062_437_10154_10056_10055_10054_10059_303_100031_10099_10103_10102_10096_10052_10053_10142_10107_10050_10051_10170_10084_10083_10119_10080_10082_10081_10110_519_10111_10112_10113_10114_10182_10078_10079_10073_10123_10120_10189_10127_142_10125-10120,searchweb201603_9,ppcSwitch_4&btsid=8110e8d3-f1e6-464b-ab17-87cae42d8ca7&algo_expid=3313f1cb-f762-4e5b-9c44-6a95e5f24c62-36&algo_pvid=3313f1cb-f762-4e5b-9c44-6a95e5f24c62","TOURSH 2017 Открытый Газон Футбольные Бутсы Мужчины FG Футбольные Бутсы Сапоги Длинные Spikers Футбол Загрузки Утки Тренер Спорт...","1 112,73 - 1 331,32 руб."," Заказ (1)","https://ae01.alicdn.com/kf/HTB19ae5RXXXXXbhaXXXq6xXFXXXe/TOURSH-2017-Outdoor-Lawn-Soccer-Shoes-Men-FG-Football-Shoes-Boots-Long-Spikers-Soccer-Boot-Cleats.jpg_220x220.jpg"
"//ru.aliexpress.com/item/2016-High-Top-Ankle-Soccer-Boots-Men-and-Kids-Football-Shoes-Boys-New-FG-Soccer-Cleats/32737486649.html?ws_ab_test=searchweb0_0,searchweb201602_1_10152_10065_10151_10208_10068_10136_10137_10060_10155_10062_437_10154_10056_10055_10054_10059_303_100031_10099_10103_10102_10096_10052_10053_10142_10107_10050_10051_10170_10084_10083_10119_10080_10082_10081_10110_519_10111_10112_10113_10114_10182_10078_10079_10073_10123_10120_10189_10127_142_10125-10119,searchweb201603_9,ppcSwitch_4&btsid=8110e8d3-f1e6-464b-ab17-87cae42d8ca7&algo_expid=3313f1cb-f762-4e5b-9c44-6a95e5f24c62-37&algo_pvid=3313f1cb-f762-4e5b-9c44-6a95e5f24c62","2016 Высокий Верх Лодыжки Футбольные Ботинки Мужчины и Дети Футбол обувь Мальчиков Новые FG Футбол Утки Обувь Athletic Training ...","1 725,29 руб."," Заказы (5)","https://ae01.alicdn.com/kf/HTB1B.GcNpXXXXbKapXXq6xXFXXXR/2016-High-Top-Ankle-Soccer-Boots-Men-and-Kids-Football-Shoes-Boys-New-FG-Soccer-Cleats.jpg_220x220.jpg"
"//ru.aliexpress.com/item/Leoci-FG-Football-Boots-Cleats-Outdoor-Sneakers-Men-Women-Kids-Soccer-Shoes-Training-Shoes-Botines-Zapatos/32666517595.html?ws_ab_test=searchweb0_0,searchweb201602_1_10152_10065_10151_10208_10068_10136_10137_10060_10155_10062_437_10154_10056_10055_10054_10059_303_100031_10099_10103_10102_10096_10052_10053_10142_10107_10050_10051_10170_10084_10083_10119_10080_10082_10081_10110_519_10111_10112_10113_10114_10182_10078_10079_10073_10123_10120_10189_10127_142_10125-10120,searchweb201603_9,ppcSwitch_4&btsid=8110e8d3-f1e6-464b-ab17-87cae42d8ca7&algo_expid=3313f1cb-f762-4e5b-9c44-6a95e5f24c62-38&algo_pvid=3313f1cb-f762-4e5b-9c44-6a95e5f24c62","Leoci FG Футбольные БУТСЫ Бутсы Открытый Кроссовки Мужчины Женщины Дети Футбольные Бутсы Кроссовки Ботинес Zapatos de Futbol","1 000,35 - 1 123,85 руб."," Заказы (22)","https://ae01.alicdn.com/kf/HTB1jkr0QpXXXXX2aXXXq6xXFXXXn/Leoci-FG-Football-Boots-Cleats-Outdoor-Sneakers-Men-Women-Kids-Soccer-Shoes-Training-Shoes-Botines-Zapatos.jpg_220x220.jpg"
"//ru.aliexpress.com/item/Mens-Football-Boots-Cleats-Long-Spikes-FG-Men-Soccer-Boots-Outdoor-Training-Soccer-Shoes-Chuteira-Futebol/32547896247.html?ws_ab_test=searchweb0_0,searchweb201602_1_10152_10065_10151_10208_10068_10136_10137_10060_10155_10062_437_10154_10056_10055_10054_10059_303_100031_10099_10103_10102_10096_10052_10053_10142_10107_10050_10051_10170_10084_10083_10119_10080_10082_10081_10110_519_10111_10112_10113_10114_10182_10078_10079_10073_10123_10120_10189_10127_142_10125-10119,searchweb201603_9,ppcSwitch_4&btsid=8110e8d3-f1e6-464b-ab17-87cae42d8ca7&algo_expid=3313f1cb-f762-4e5b-9c44-6a95e5f24c62-39&algo_pvid=3313f1cb-f762-4e5b-9c44-6a95e5f24c62","Мужские футбольные бутсы длинные шипы FG мужчины футбольные ботинки уличной обуви обучение футбол Chuteira Futebol спортивные фу...","1 777,77 руб."," Заказы (6)","https://ae01.alicdn.com/kf/HTB1ytu8LFXXXXavXFXXq6xXFXXXg/Mens-Football-Boots-Cleats-Long-Spikes-FG-Men-Soccer-Boots-Outdoor-Training-Soccer-Shoes-Chuteira-Futebol.jpg_220x220.jpg"
"//ru.aliexpress.com/item/Original-New-Arrival-2016-Adidas-15-2-FG-AG-Men-s-Soccer-Shoes-Football-Sneakers-free/32733692884.html?ws_ab_test=searchweb0_0,searchweb201602_1_10152_10065_10151_10208_10068_10136_10137_10060_10155_10062_437_10154_10056_10055_10054_10059_303_100031_10099_10103_10102_10096_10052_10053_10142_10107_10050_10051_10170_10084_10083_10119_10080_10082_10081_10110_519_10111_10112_10113_10114_10182_10078_10079_10073_10123_10120_10189_10127_142_10125-10120,searchweb201603_9,ppcSwitch_4&btsid=8110e8d3-f1e6-464b-ab17-87cae42d8ca7&algo_expid=3313f1cb-f762-4e5b-9c44-6a95e5f24c62-40&algo_pvid=3313f1cb-f762-4e5b-9c44-6a95e5f24c62","Оригинал Новое Прибытие Adidas 15.2 FG/AG мужская Футбол Обувь Футбол Кроссовки","8 996,91 руб."," Заказы (2)","https://ae01.alicdn.com/kf/HTB1zaoUNVXXXXajXpXXq6xXFXXX3/Original-New-Arrival-2016-Adidas-15-2-FG-AG-Men-s-Soccer-Shoes-Football-Sneakers-free.jpg_220x220.jpg"
"//ru.aliexpress.com/item/ZHENZU-Botines-Soccer-Chaussure-De-Foot-FG-Football-Boots-HG-Soccer-Shoes-Training-Shoes-for-Men/32786270078.html?ws_ab_test=searchweb0_0,searchweb201602_1_10152_10065_10151_10208_10068_10136_10137_10060_10155_10062_437_10154_10056_10055_10054_10059_303_100031_10099_10103_10102_10096_10052_10053_10142_10107_10050_10051_10170_10084_10083_10119_10080_10082_10081_10110_519_10111_10112_10113_10114_10182_10078_10079_10073_10123_10120_10189_10127_142_10125-10119,searchweb201603_9,ppcSwitch_4&btsid=8110e8d3-f1e6-464b-ab17-87cae42d8ca7&algo_expid=3313f1cb-f762-4e5b-9c44-6a95e5f24c62-41&algo_pvid=3313f1cb-f762-4e5b-9c44-6a95e5f24c62","ZHENZU Ботинеса Chaussure Де Ног FG Футбольные Бутсы HG Футбольные Бутсы Кроссовки для Мужчин Подростков, размер 35-44","1 914,24 руб."," Заказы (0)","https://ae01.alicdn.com/kf/HTB1PinRPFXXXXawXVXXq6xXFXXXS/ZHENZU-Botines-Soccer-Chaussure-De-Foot-FG-Football-Boots-HG-Soccer-Shoes-Training-Shoes-for-Men.jpg_220x220.jpg"
"//ru.aliexpress.com/item/Original-New-Arrival-2016-Adidas-ACE-16-2-FG-AG-Men-s-Soccer-Shoes-Football-Sneakers/32736380404.html?ws_ab_test=searchweb0_0,searchweb201602_1_10152_10065_10151_10208_10068_10136_10137_10060_10155_10062_437_10154_10056_10055_10054_10059_303_100031_10099_10103_10102_10096_10052_10053_10142_10107_10050_10051_10170_10084_10083_10119_10080_10082_10081_10110_519_10111_10112_10113_10114_10182_10078_10079_10073_10123_10120_10189_10127_142_10125-10120,searchweb201603_9,ppcSwitch_4&btsid=8110e8d3-f1e6-464b-ab17-87cae42d8ca7&algo_expid=3313f1cb-f762-4e5b-9c44-6a95e5f24c62-42&algo_pvid=3313f1cb-f762-4e5b-9c44-6a95e5f24c62","Оригинал Новое Прибытие Adidas ACE 16.2 FG/AG мужская Футбол Обувь Футбол Кроссовки","6 965,97 руб."," Заказы (3)","https://ae01.alicdn.com/kf/HTB1T2.jNVXXXXc2XVXXq6xXFXXXB/Original-New-Arrival-2016-Adidas-ACE-16-2-FG-AG-Men-s-Soccer-Shoes-Football-Sneakers.jpg_220x220.jpg"
"//ru.aliexpress.com/item/Crackle-Mens-FG-Soccer-Shoes-2017-Superfly-New-Top-Football-Boots-Kids-Football-Sneakers-Cheap-TPU/32791074538.html?ws_ab_test=searchweb0_0,searchweb201602_1_10152_10065_10151_10208_10068_10136_10137_10060_10155_10062_437_10154_10056_10055_10054_10059_303_100031_10099_10103_10102_10096_10052_10053_10142_10107_10050_10051_10170_10084_10083_10119_10080_10082_10081_10110_519_10111_10112_10113_10114_10182_10078_10079_10073_10123_10120_10189_10127_142_10125-10120,searchweb201603_9,ppcSwitch_4&btsid=8110e8d3-f1e6-464b-ab17-87cae42d8ca7&algo_expid=3313f1cb-f762-4e5b-9c44-6a95e5f24c62-24&algo_pvid=3313f1cb-f762-4e5b-9c44-6a95e5f24c62","Leoci мужчины FG футбольные бутсы 2017 Superfly новый топ футбол женские футбольные кроссовки дешевые футзалу ТПУ футбольные бут...","1 410,98 - 1 582,64 руб."," Заказы (8)","https://ae01.alicdn.com/kf/HTB1q8yFPpXXXXXPaXXXq6xXFXXXN/Crackle-Mens-FG-Soccer-Shoes-2017-Superfly-New-Top-Football-Boots-Kids-Football-Sneakers-Cheap-TPU.jpg_220x220.jpg"
"//ru.aliexpress.com/item/Original-New-Arrival-2016-Adidas-ACE-FG-AG-Men-s-Soccer-Shoes-Football-Sneakers-free-shipping/32659509874.html?ws_ab_test=searchweb0_0,searchweb201602_1_10152_10065_10151_10208_10068_5330011_10136_10137_10060_10155_10062_437_10154_10056_10055_10054_10059_303_100031_10099_5320012_10103_10102_10096_10052_10053_10142_10107_10050_10051_10170_10084_10083_10119_10080_10082_10081_10110_519_10111_10112_10113_10114_10182_10078_10079_10073_5260011_10123_10120_10189_10127_142_10125-10120,searchweb201603_9,ppcSwitch_4&btsid=47a41e98-be7e-4e62-89ab-2eb796f98137&algo_expid=b38cee44-a08c-44ae-bc58-579f3c25805a-0&algo_pvid=b38cee44-a08c-44ae-bc58-579f3c25805a","Оригинал Новое Прибытие Adidas ACE FG/AG мужская Футбол Обувь Футбол Кроссовки","7 471,69 руб."," Заказы (0)","https://ae01.alicdn.com/kf/HTB1CPZxNVXXXXXuapXXq6xXFXXXI/Original-New-Arrival-2016-Adidas-ACE-FG-AG-Men-s-Soccer-Shoes-Football-Sneakers-free-shipping.jpg_220x220.jpg"
"//ru.aliexpress.com/item/4-bolt-32cc-Engine-and-Walbro-813-NGK-Spark-plug-Metal-Clutch-Fits-HPI-Baja-5B/32709252286.html?ws_ab_test=searchweb0_0,searchweb201602_1_10152_10065_10151_10208_10068_5330011_10136_10137_10060_10155_10062_437_10154_10056_10055_10054_10059_303_100031_10099_5320012_10103_10102_10096_10052_10053_10142_10107_10050_10051_10170_10084_10083_10119_10080_10082_10081_10110_519_10111_10112_10113_10114_10182_10078_10079_10073_5260011_10123_10120_10189_10127_142_10125-10120,searchweb201603_9,ppcSwitch_4&btsid=47a41e98-be7e-4e62-89ab-2eb796f98137&algo_expid=b38cee44-a08c-44ae-bc58-579f3c25805a-1&algo_pvid=b38cee44-a08c-44ae-bc58-579f3c25805a","4 болт 32cc Двигателя и Walbro 813 NGK Spark plug Металла Сцепления Подходит HPI Baja 5B, LOSI 5 ивет, Redcat, FG","12 551,83 руб."," Заказы (0)","https://ae01.alicdn.com/kf/HTB1AeDULXXXXXbhXVXXq6xXFXXX4/4-bolt-32cc-Engine-and-Walbro-813-NGK-Spark-plug-Metal-Clutch-Fits-HPI-Baja-5B.jpg_220x220.jpg"
"//ru.aliexpress.com/item/Original-New-Arrival-2016-Adidas-ACE-FG-AG-Men-s-Soccer-Shoes-Sneakers-free-shipping/32648319386.html?ws_ab_test=searchweb0_0,searchweb201602_1_10152_10065_10151_10208_10068_5330011_10136_10137_10060_10155_10062_437_10154_10056_10055_10054_10059_303_100031_10099_5320012_10103_10102_10096_10052_10053_10142_10107_10050_10051_10170_10084_10083_10119_10080_10082_10081_10110_519_10111_10112_10113_10114_10182_10078_10079_10073_5260011_10123_10120_10189_10127_142_10125-10120,searchweb201603_9,ppcSwitch_4&btsid=47a41e98-be7e-4e62-89ab-2eb796f98137&algo_expid=b38cee44-a08c-44ae-bc58-579f3c25805a-2&algo_pvid=b38cee44-a08c-44ae-bc58-579f3c25805a","Оригинал Новое Прибытие Adidas ACE FG/AG мужская Футбол Обувь Кроссовки","5 683,43 - 5 924,25 руб."," Заказы (0)","https://ae01.alicdn.com/kf/HTB1rxkZNVXXXXalXXXXq6xXFXXXP/Original-New-Arrival-2016-Adidas-ACE-FG-AG-Men-s-Soccer-Shoes-Sneakers-free-shipping-.jpg_220x220.jpg"
"//ru.aliexpress.com/item/Size-33-39-Boys-Kids-Football-Boots-FG-Soccer-Shoes-for-Children-PU-Leather-Soccer-Cleats/32780824574.html?ws_ab_test=searchweb0_0,searchweb201602_1_10152_10065_10151_10208_10068_5330011_10136_10137_10060_10155_10062_437_10154_10056_10055_10054_10059_303_100031_10099_5320012_10103_10102_10096_10052_10053_10142_10107_10050_10051_10170_10084_10083_10119_10080_10082_10081_10110_519_10111_10112_10113_10114_10182_10078_10079_10073_5260011_10123_10120_10189_10127_142_10125-10120,searchweb201603_9,ppcSwitch_4&btsid=47a41e98-be7e-4e62-89ab-2eb796f98137&algo_expid=b38cee44-a08c-44ae-bc58-579f3c25805a-3&algo_pvid=b38cee44-a08c-44ae-bc58-579f3c25805a","Размер 33-39 Мальчики Дети Футбольные Бутсы FG Футбольные БУТСЫ для Детей ИСКУССТВЕННАЯ Кожа Футбол Бутсы Обувь Бесплатная Доста...","1 543,13 руб."," Заказы (5)","https://ae01.alicdn.com/kf/HTB1UssjOFXXXXbyaFXXq6xXFXXXq/Size-33-39-Boys-Kids-Football-Boots-FG-Soccer-Shoes-for-Children-PU-Leather-Soccer-Cleats.jpg_220x220.jpg"
"//ru.aliexpress.com/item/Super-Mens-FG-Soccer-Shoes-Outdoor-Cleats-Football-Shoes-Sneakers-PU-Professional-Male-Soccer-Shoes-Original/32814504226.html?ws_ab_test=searchweb0_0,searchweb201602_1_10152_10065_10151_10208_10068_5330011_10136_10137_10060_10155_10062_437_10154_10056_10055_10054_10059_303_100031_10099_5320012_10103_10102_10096_10052_10053_10142_10107_10050_10051_10170_10084_10083_10119_10080_10082_10081_10110_519_10111_10112_10113_10114_10182_10078_10079_10073_5260011_10123_10120_10189_10127_142_10125-10120,searchweb201603_9,ppcSwitch_4&btsid=47a41e98-be7e-4e62-89ab-2eb796f98137&algo_expid=b38cee44-a08c-44ae-bc58-579f3c25805a-4&algo_pvid=b38cee44-a08c-44ae-bc58-579f3c25805a","Супер Мужские FG Футбольные БУТСЫ Открытый Бутсы Футбол Обувь Кроссовки ПУ Профессиональный Мужской Футбольные Бутсы Оригинальны...","1 851,87 руб."," Заказы (0)","https://ae01.alicdn.com/kf/HTB1wrRgRFXXXXaOXXXXq6xXFXXX5/Super-Mens-FG-Soccer-Shoes-Outdoor-Cleats-Football-Shoes-Sneakers-PU-Professional-Male-Soccer-Shoes-Original.jpg_220x220.jpg"
"//ru.aliexpress.com/item/TIEBAO-Training-Soccer-Shoes-High-Quality-Men-Football-Boots-Ag-Soles-Sneakers-Soccer-Cleats-Chuteira-Futsal/32775931156.html?ws_ab_test=searchweb0_0,searchweb201602_1_10152_10065_10151_10208_10068_5330011_10136_10137_10060_10155_10062_437_10154_10056_10055_10054_10059_303_100031_10099_5320012_10103_10102_10096_10052_10053_10142_10107_10050_10051_10170_10084_10083_10119_10080_10082_10081_10110_519_10111_10112_10113_10114_10182_10078_10079_10073_5260011_10123_10120_10189_10127_142_10125-10050_10119,searchweb201603_9,ppcSwitch_4&btsid=47a41e98-be7e-4e62-89ab-2eb796f98137&algo_expid=b38cee44-a08c-44ae-bc58-579f3c25805a-5&algo_pvid=b38cee44-a08c-44ae-bc58-579f3c25805a","TIEBAO Футбол Обучение Обувь Высокого Качества для Мужчин Футбол Сапоги FG и HG Подошвы Кроссовки Футбольные Бутсы chuteira fute...","1 599,93 руб."," Заказы (29)","https://ae01.alicdn.com/kf/HTB1DFtbPVXXXXctXpXXq6xXFXXXk/TIEBAO-Training-Soccer-Shoes-High-Quality-Men-Football-Boots-Ag-Soles-Sneakers-Soccer-Cleats-Chuteira-Futsal.jpg_220x220.jpg"
"//ru.aliexpress.com/item/New-Adults-Men-s-Outdoor-Indoor-Soccer-Cleats-Shoes-High-top-TF-FG-Football-Boots-Training/32787329794.html?ws_ab_test=searchweb0_0,searchweb201602_1_10152_10065_10151_10208_10068_5330011_10136_10137_10060_10155_10062_437_10154_10056_10055_10054_10059_303_100031_10099_5320012_10103_10102_10096_10052_10053_10142_10107_10050_10051_10170_10084_10083_10119_10080_10082_10081_10110_519_10111_10112_10113_10114_10182_10078_10079_10073_5260011_10123_10120_10189_10127_142_10125-10052_10113_10120,searchweb201603_9,ppcSwitch_4&btsid=47a41e98-be7e-4e62-89ab-2eb796f98137&algo_expid=b38cee44-a08c-44ae-bc58-579f3c25805a-6&algo_pvid=b38cee44-a08c-44ae-bc58-579f3c25805a","Новые Взрослых мужская Открытый Футбольные Бутсы, Обувь Высокого верха TF/FG Футбольные БУТСЫ Обучение Спорт Кроссовки Обувь","1 454,82 руб."," Заказы (1059)","https://ae01.alicdn.com/kf/HTB1Cet5PXXXXXaIXXXXq6xXFXXXO/New-Adults-Men-s-Outdoor-Indoor-Soccer-Cleats-Shoes-High-top-TF-FG-Football-Boots-Training.jpg_220x220.jpg"
"//ru.aliexpress.com/item/Outdoor-Lawn-Soccer-Shoes-Men-FG-Football-Shoes-Boots-Long-Spikers-Soccer-Boot-Cleats-Trainer-Sport/32782474405.html?s=p&ws_ab_test=searchweb0_0,searchweb201602_1_10152_10065_10151_10208_10068_5330011_10136_10137_10060_10155_10062_437_10154_10056_10055_10054_10059_303_100031_10099_5320012_10103_10102_10096_10052_10053_10142_10107_10050_10051_10170_10084_10083_10119_10080_10082_10081_10110_519_10111_10112_10113_10114_10182_10078_10079_10073_5260011_10123_10120_10189_10127_142_10125,searchweb201603_9,ppcSwitch_4&btsid=47a41e98-be7e-4e62-89ab-2eb796f98137&algo_expid=b38cee44-a08c-44ae-bc58-579f3c25805a-7&algo_pvid=b38cee44-a08c-44ae-bc58-579f3c25805a","LEOCI Открытый Газон Футбольные Бутсы Мужчины FG Футбольные Бутсы Сапоги Длинные Spikers Футбол Загрузки Утки Тренер Спорт Футбо...","1 031,22 - 1 278,22 руб."," Заказы (109)","https://ae01.alicdn.com/kf/HTB10m8dQFXXXXcjXXXXq6xXFXXX7/Outdoor-Lawn-Soccer-Shoes-Men-FG-Football-Shoes-Boots-Long-Spikers-Soccer-Boot-Cleats-Trainer-Sport.jpg_220x220.jpg"
"//ru.aliexpress.com/item/2016-Men-High-Ankle-Soccer-Shoes-FG-Football-Boots-for-Boys-Kids-Sport-Trainers-Soccer-Cleats/32626081306.html?ws_ab_test=searchweb0_0,searchweb201602_1_10152_10065_10151_10208_10068_5330011_10136_10137_10060_10155_10062_437_10154_10056_10055_10054_10059_303_100031_10099_5320012_10103_10102_10096_10052_10053_10142_10107_10050_10051_10170_10084_10083_10119_10080_10082_10081_10110_519_10111_10112_10113_10114_10182_10078_10079_10073_5260011_10123_10120_10189_10127_142_10125-10119,searchweb201603_9,ppcSwitch_4&btsid=47a41e98-be7e-4e62-89ab-2eb796f98137&algo_expid=b38cee44-a08c-44ae-bc58-579f3c25805a-8&algo_pvid=b38cee44-a08c-44ae-bc58-579f3c25805a","2017 Мужчины Высокого Лодыжки Футбольные Бутсы FG Футбольные БУТСЫ Мальчики Дети Спорт Футбол Бутсы Футбол Носки Сапог Размер 33...","1 490,64 руб."," Заказы (51)","https://ae01.alicdn.com/kf/HTB1w58EQFXXXXaqaXXXq6xXFXXXN/2016-Men-High-Ankle-Soccer-Shoes-FG-Football-Boots-for-Boys-Kids-Sport-Trainers-Soccer-Cleats.jpg_220x220.jpg"
"//ru.aliexpress.com/item/4WD-Upgraded-Conversion-KIT-for-1-5-MCD-Smartech-FS-FG-Models/2035913098.html?ws_ab_test=searchweb0_0,searchweb201602_1_10152_10065_10151_10208_10068_5330011_10136_10137_10060_10155_10062_437_10154_10056_10055_10054_10059_303_100031_10099_5320012_10103_10102_10096_10052_10053_10142_10107_10050_10051_10170_10084_10083_10119_10080_10082_10081_10110_519_10111_10112_10113_10114_10182_10078_10079_10073_5260011_10123_10120_10189_10127_142_10125-10120,searchweb201603_9,ppcSwitch_4&btsid=47a41e98-be7e-4e62-89ab-2eb796f98137&algo_expid=b38cee44-a08c-44ae-bc58-579f3c25805a-9&algo_pvid=b38cee44-a08c-44ae-bc58-579f3c25805a","4WD Модернизированный Conversion KIT для 1/5 MCD/Smartech/FS/FG Модели","4 131,05 руб."," Заказы (7)","https://ae01.alicdn.com/kf/HTB1pq34HVXXXXcGXXXXq6xXFXXXq/4WD-Upgraded-Conversion-KIT-for-1-5-MCD-Smartech-FS-FG-Models.jpg_220x220.jpg"
"//ru.aliexpress.com/item/SexeMare-Professional-Soccer-Cleats-2017-Newest-High-Ankle-Mens-FG-Football-Boots-Outdoor-Traning-3D-Honeycomb/32812884265.html?ws_ab_test=searchweb0_0,searchweb201602_1_10152_10065_10151_10208_10068_5330011_10136_10137_10060_10155_10062_437_10154_10056_10055_10054_10059_303_100031_10099_5320012_10103_10102_10096_10052_10053_10142_10107_10050_10051_10170_10084_10083_10119_10080_10082_10081_10110_519_10111_10112_10113_10114_10182_10078_10079_10073_5260011_10123_10120_10189_10127_142_10125-10119,searchweb201603_9,ppcSwitch_4&btsid=47a41e98-be7e-4e62-89ab-2eb796f98137&algo_expid=b38cee44-a08c-44ae-bc58-579f3c25805a-10&algo_pvid=b38cee44-a08c-44ae-bc58-579f3c25805a","SexeMare Профессиональные Футбольные Бутсы 2017 Новые Высокой Лодыжки Мужские FG Футбол Сапоги Открытый Тренинг 3D Ячеистой Сетк...","3 081,31 руб."," Заказы (12)","https://ae01.alicdn.com/kf/HTB1OSd2RpXXXXaVXFXXq6xXFXXXZ/SexeMare-Professional-Soccer-Cleats-2017-Newest-High-Ankle-Mens-FG-Football-Boots-Outdoor-Traning-3D-Honeycomb.jpg_220x220.jpg"
"//ru.aliexpress.com/item/TIEBAO-Professional-FG-HG-AG-Soles-Training-Soccer-Shoes-Outdoor-Football-Boots-Men-Women-Soccer-Cleats/32719130945.html?ws_ab_test=searchweb0_0,searchweb201602_1_10152_10065_10151_10208_10068_5330011_10136_10137_10060_10155_10062_437_10154_10056_10055_10054_10059_303_100031_10099_5320012_10103_10102_10096_10052_10053_10142_10107_10050_10051_10170_10084_10083_10119_10080_10082_10081_10110_519_10111_10112_10113_10114_10182_10078_10079_10073_5260011_10123_10120_10189_10127_142_10125-10119,searchweb201603_9,ppcSwitch_4&btsid=47a41e98-be7e-4e62-89ab-2eb796f98137&algo_expid=b38cee44-a08c-44ae-bc58-579f3c25805a-11&algo_pvid=b38cee44-a08c-44ae-bc58-579f3c25805a","TIEBAO Футбольные Бутсы Сапоги FG и HG Подошвы Футбол Загрузки футбол Сапоги Открытый Футбол Обувь Обучение Кроссовки Для Взросл...","1 961,79 руб."," Заказы (6)","https://ae01.alicdn.com/kf/HTB10ogUPFXXXXXiXVXXq6xXFXXXG/TIEBAO-Professional-FG-HG-AG-Soles-Training-Soccer-Shoes-Outdoor-Football-Boots-Men-Women-Soccer-Cleats.jpg_220x220.jpg"
"//ru.aliexpress.com/item/Metal-Air-Filter-for-cy-zenoah-engine-for-1-5-fg-hpi-km-rovan-baja-5b/2047787149.html?ws_ab_test=searchweb0_0,searchweb201602_1_10152_10065_10151_10208_10068_5330011_10136_10137_10060_10155_10062_437_10154_10056_10055_10054_10059_303_100031_10099_5320012_10103_10102_10096_10052_10053_10142_10107_10050_10051_10170_10084_10083_10119_10080_10082_10081_10110_519_10111_10112_10113_10114_10182_10078_10079_10073_5260011_10123_10120_10189_10127_142_10125-10119,searchweb201603_9,ppcSwitch_4&btsid=47a41e98-be7e-4e62-89ab-2eb796f98137&algo_expid=b38cee44-a08c-44ae-bc58-579f3c25805a-12&algo_pvid=b38cee44-a08c-44ae-bc58-579f3c25805a","Металл воздушный фильтр для cy zenoah двигателя для 1/5 fg hpi km rovan baja 5b 5 т 5sc rc автомобиль","1 481,38 - 1 543,13 руб."," Заказы (3)","https://ae01.alicdn.com/kf/HTB1ZQwARpXXXXajXXXXq6xXFXXXf/Metal-Air-Filter-for-cy-zenoah-engine-for-1-5-fg-hpi-km-rovan-baja-5b.jpg_220x220.jpg"
"//ru.aliexpress.com/item/2016-new-arrival-men-soccer-shoes-FG-AG-HG-football-cleats-outdoor-sneakers-trainers-football-boots/32661719268.html?ws_ab_test=searchweb0_0,searchweb201602_1_10152_10065_10151_10208_10068_5330011_10136_10137_10060_10155_10062_437_10154_10056_10055_10054_10059_303_100031_10099_5320012_10103_10102_10096_10052_10053_10142_10107_10050_10051_10170_10084_10083_10119_10080_10082_10081_10110_519_10111_10112_10113_10114_10182_10078_10079_10073_5260011_10123_10120_10189_10127_142_10125-10120,searchweb201603_9,ppcSwitch_4&btsid=47a41e98-be7e-4e62-89ab-2eb796f98137&algo_expid=b38cee44-a08c-44ae-bc58-579f3c25805a-13&algo_pvid=b38cee44-a08c-44ae-bc58-579f3c25805a","2017 Новый FG Футбольные Бутсы Мужские футбол бутсы спорт мужская обувь 38-44 футбол мужчины загрузки бесплатная доставка HG AG ...","1 321,44 - 1 430,12 руб."," Заказы (24)","https://ae01.alicdn.com/kf/HTB1aK5qJFXXXXaKaXXXq6xXFXXXt/2016-new-arrival-men-soccer-shoes-FG-AG-HG-football-cleats-outdoor-sneakers-trainers-football-boots.jpg_220x220.jpg"
"//ru.aliexpress.com/item/Adaptor-Conversion-kit-from-1-5-FG-wheel-to-1-5-HPI-Baja-5B-5T-5SC/32676910866.html?ws_ab_test=searchweb0_0,searchweb201602_1_10152_10065_10151_10208_10068_5330011_10136_10137_10060_10155_10062_437_10154_10056_10055_10054_10059_303_100031_10099_5320012_10103_10102_10096_10052_10053_10142_10107_10050_10051_10170_10084_10083_10119_10080_10082_10081_10110_519_10111_10112_10113_10114_10182_10078_10079_10073_5260011_10123_10120_10189_10127_142_10125-10120,searchweb201603_9,ppcSwitch_4&btsid=47a41e98-be7e-4e62-89ab-2eb796f98137&algo_expid=b38cee44-a08c-44ae-bc58-579f3c25805a-14&algo_pvid=b38cee44-a08c-44ae-bc58-579f3c25805a","Адаптер набор преобразования от 1/5 FG колеса до 1/5 HPI Baja 5B 5 т 5SC","2 747,24 руб."," Заказы (6)","https://ae01.alicdn.com/kf/HTB1HbUxKXXXXXbaapXXq6xXFXXX9/Adaptor-Conversion-kit-from-1-5-FG-wheel-to-1-5-HPI-Baja-5B-5T-5SC.jpg_220x220.jpg"
"//ru.aliexpress.com/item/New-Size-33-46-Men-Soccer-Shoes-Kids-Soccer-Cleats-FG-High-Ankle-Football-Boots-Boys/32817246069.html?s=p&ws_ab_test=searchweb0_0,searchweb201602_1_10152_10065_10151_10208_10068_5330011_10136_10137_10060_10155_10062_437_10154_10056_10055_10054_10059_303_100031_10099_5320012_10103_10102_10096_10052_10053_10142_10107_10050_10051_10170_10084_10083_10119_10080_10082_10081_10110_519_10111_10112_10113_10114_10182_10078_10079_10073_5260011_10123_10120_10189_10127_142_10125,searchweb201603_9,ppcSwitch_4&btsid=47a41e98-be7e-4e62-89ab-2eb796f98137&algo_expid=b38cee44-a08c-44ae-bc58-579f3c25805a-15&algo_pvid=b38cee44-a08c-44ae-bc58-579f3c25805a","Новый размер 33-46 мужские футбольные бутсы детские футбольные бутсы FG высокие ботильоны Бутсы для мальчиков Открытый Обучение ...","1 759,87 руб."," Заказы (2)","https://ae01.alicdn.com/kf/HTB12lRORVXXXXaVXVXXq6xXFXXX6/New-Size-33-46-Men-Soccer-Shoes-Kids-Soccer-Cleats-FG-High-Ankle-Football-Boots-Boys.jpg_220x220.jpg"
"//ru.aliexpress.com/item/Free-shipping-FS-MCD-FG-CEN-REELY-1-5-scale-RC-car-brake-disc-set-for/1873899631.html?ws_ab_test=searchweb0_0,searchweb201602_1_10152_10065_10151_10208_10068_5330011_10136_10137_10060_10155_10062_437_10154_10056_10055_10054_10059_303_100031_10099_5320012_10103_10102_10096_10052_10053_10142_10107_10050_10051_10170_10084_10083_10119_10080_10082_10081_10110_519_10111_10112_10113_10114_10182_10078_10079_10073_5260011_10123_10120_10189_10127_142_10125-10102_10119,searchweb201603_9,ppcSwitch_4&btsid=47a41e98-be7e-4e62-89ab-2eb796f98137&algo_expid=b38cee44-a08c-44ae-bc58-579f3c25805a-16&algo_pvid=b38cee44-a08c-44ae-bc58-579f3c25805a","RealTS Один комплект 112108 FS гонки/MCD/FG/CEN/REELY 1/5 масштаба дисковый тормоз для rc автомобиль для Багги, Truggy, MT, SC","493,38 руб."," Заказы (11)","https://ae01.alicdn.com/kf/HTB1YHYUQpXXXXaVaXXXq6xXFXXXs/Free-shipping-FS-MCD-FG-CEN-REELY-1-5-scale-RC-car-brake-disc-set-for.jpg_220x220.jpg"
"//ru.aliexpress.com/item/Size-36-44-Men-FG-Soccer-Shoes-2017-New-Top-Original-Women-Football-Boots-Cheap-Superfly/32807165318.html?ws_ab_test=searchweb0_0,searchweb201602_1_10152_10065_10151_10208_10068_5330011_10136_10137_10060_10155_10062_437_10154_10056_10055_10054_10059_303_100031_10099_5320012_10103_10102_10096_10052_10053_10142_10107_10050_10051_10170_10084_10083_10119_10080_10082_10081_10110_519_10111_10112_10113_10114_10182_10078_10079_10073_5260011_10123_10120_10189_10127_142_10125-10120,searchweb201603_9,ppcSwitch_4&btsid=47a41e98-be7e-4e62-89ab-2eb796f98137&algo_expid=b38cee44-a08c-44ae-bc58-579f3c25805a-17&algo_pvid=b38cee44-a08c-44ae-bc58-579f3c25805a","Размер 36-44 Мужчины FG Футбольные БУТСЫ 2017 Новый Топ Оригинал женщины Футбол Сапоги Дешевые Superfly Футзал Бутсы Скобы Де Но...","1 601,79 руб."," Заказ (1)","https://ae01.alicdn.com/kf/HTB1CRKZQVXXXXXcXXXXq6xXFXXX6/Size-36-44-Men-FG-Soccer-Shoes-2017-New-Top-Original-Women-Football-Boots-Cheap-Superfly.jpg_220x220.jpg"
"//ru.aliexpress.com/item/Baja-4-bolt-29cc-engines-for-1-5-hpi-rovan-km-baja-5b-5t-5sc-LOSI/32702866913.html?ws_ab_test=searchweb0_0,searchweb201602_1_10152_10065_10151_10208_10068_5330011_10136_10137_10060_10155_10062_437_10154_10056_10055_10054_10059_303_100031_10099_5320012_10103_10102_10096_10052_10053_10142_10107_10050_10051_10170_10084_10083_10119_10080_10082_10081_10110_519_10111_10112_10113_10114_10182_10078_10079_10073_5260011_10123_10120_10189_10127_142_10125-10120,searchweb201603_9,ppcSwitch_4&btsid=47a41e98-be7e-4e62-89ab-2eb796f98137&algo_expid=b38cee44-a08c-44ae-bc58-579f3c25805a-18&algo_pvid=b38cee44-a08c-44ae-bc58-579f3c25805a","29cc Baja 4 болт двигателей для 1/5 hpi baja rovan km 5b/5 т/5sc LOSI 5 т DBXL FG багги Redcat АВТОМОБИЛЬ Лучше, чем Zenoah част...","8 126,24 руб."," Заказы (2)","https://ae01.alicdn.com/kf/HTB1vN8tLXXXXXa.XXXXq6xXFXXXO/Baja-4-bolt-29cc-engines-for-1-5-hpi-rovan-km-baja-5b-5t-5sc-LOSI.jpg_220x220.jpg"
"//ru.aliexpress.com/item/2017-New-Soccer-Cleats-Superfly-Soccer-Shoes-Boys-Fg-Outdoor-Football-Boots-Mens-For-Artificial-Turf/32788942590.html?ws_ab_test=searchweb0_0,searchweb201602_1_10152_10065_10151_10208_10068_5330011_10136_10137_10060_10155_10062_437_10154_10056_10055_10054_10059_303_100031_10099_5320012_10103_10102_10096_10052_10053_10142_10107_10050_10051_10170_10084_10083_10119_10080_10082_10081_10110_519_10111_10112_10113_10114_10182_10078_10079_10073_5260011_10123_10120_10189_10127_142_10125-10119,searchweb201603_9,ppcSwitch_4&btsid=47a41e98-be7e-4e62-89ab-2eb796f98137&algo_expid=b38cee44-a08c-44ae-bc58-579f3c25805a-19&algo_pvid=b38cee44-a08c-44ae-bc58-579f3c25805a","2017 Новые Футбольные Бутсы Superfly Fg Открытый Футбол Сапоги Мужские Футбольные Бутсы Мальчики Для Искусственного Дерна 35-44 ...","1 722,82 руб."," Заказы (8)","https://ae01.alicdn.com/kf/HTB1jXLiPXXXXXaOXFXXq6xXFXXXd/2017-New-Soccer-Cleats-Superfly-Soccer-Shoes-Boys-Fg-Outdoor-Football-Boots-Mens-For-Artificial-Turf.jpg_220x220.jpg"
"//ru.aliexpress.com/item/Original-New-Arrival-2016-Adidas-ACE-FG-AG-Men-s-Soccer-Shoes-Football-Sneakers-free-shipping/32657322202.html?ws_ab_test=searchweb0_0,searchweb201602_1_10152_10065_10151_10208_10068_5330011_10136_10137_10060_10155_10062_437_10154_10056_10055_10054_10059_303_100031_10099_5320012_10103_10102_10096_10052_10053_10142_10107_10050_10051_10170_10084_10083_10119_10080_10082_10081_10110_519_10111_10112_10113_10114_10182_10078_10079_10073_5260011_10123_10120_10189_10127_142_10125-10120,searchweb201603_9,ppcSwitch_4&btsid=47a41e98-be7e-4e62-89ab-2eb796f98137&algo_expid=b38cee44-a08c-44ae-bc58-579f3c25805a-20&algo_pvid=b38cee44-a08c-44ae-bc58-579f3c25805a","Оригинал Новое Прибытие Adidas ACE FG/AG мужская Футбол Обувь Футбол Кроссовки","5 396,91 - 5 824,84 руб."," Заказ (1)","https://ae01.alicdn.com/kf/HTB12EkhNVXXXXcDaXXXq6xXFXXXY/Original-New-Arrival-2016-Adidas-ACE-FG-AG-Men-s-Soccer-Shoes-Football-Sneakers-free-shipping.jpg_220x220.jpg"
"//ru.aliexpress.com/item/Tiebao-Professional-Outdoor-FG-TPU-Sole-Football-Boots-National-Flag-Soccer-Shoes-Men-Soccer-Cleats/32657159353.html?ws_ab_test=searchweb0_0,searchweb201602_1_10152_10065_10151_10208_10068_5330011_10136_10137_10060_10155_10062_437_10154_10056_10055_10054_10059_303_100031_10099_5320012_10103_10102_10096_10052_10053_10142_10107_10050_10051_10170_10084_10083_10119_10080_10082_10081_10110_519_10111_10112_10113_10114_10182_10078_10079_10073_5260011_10123_10120_10189_10127_142_10125-10120,searchweb201603_9,ppcSwitch_4&btsid=47a41e98-be7e-4e62-89ab-2eb796f98137&algo_expid=b38cee44-a08c-44ae-bc58-579f3c25805a-21&algo_pvid=b38cee44-a08c-44ae-bc58-579f3c25805a","Tiebao Профессиональные Открытый FG ТПУ Sole Бутсы Национальный Флаг Футбольные Бутсы Мужчины Футбол Бутсы ботинес de futbol","1 123,85 руб."," Заказы (6)","https://ae01.alicdn.com/kf/HTB16k.yQpXXXXaVXpXXq6xXFXXXM/-Tiebao-Professional-Outdoor-FG-TPU-Sole-Football-Boots-National-Flag-Soccer-Shoes-Men-Soccer-Cleats.jpg_220x220.jpg"
"//ru.aliexpress.com/item/Men-FG-Football-Boots-For-Men-Soccer-Cleats-Football-Shoes-AG-Training-Boots-Long-Spikes-Botas/32751361387.html?ws_ab_test=searchweb0_0,searchweb201602_1_10152_10065_10151_10208_10068_5330011_10136_10137_10060_10155_10062_437_10154_10056_10055_10054_10059_303_100031_10099_5320012_10103_10102_10096_10052_10053_10142_10107_10050_10051_10170_10084_10083_10119_10080_10082_10081_10110_519_10111_10112_10113_10114_10182_10078_10079_10073_5260011_10123_10120_10189_10127_142_10125-10120,searchweb201603_9,ppcSwitch_4&btsid=47a41e98-be7e-4e62-89ab-2eb796f98137&algo_expid=b38cee44-a08c-44ae-bc58-579f3c25805a-22&algo_pvid=b38cee44-a08c-44ae-bc58-579f3c25805a","Мужчины FG Футбольные БУТСЫ Для Мужчины Футбол Бутсы Футбол Обувь AG обучение Сапоги Длинные Шипы Botas Де футбол Для Мужчин Chu...","1 666,62 руб."," Заказы (0)","https://ae01.alicdn.com/kf/HTB1DGtoNVXXXXXeXFXXq6xXFXXXd/Men-FG-Football-Boots-For-Men-Soccer-Cleats-Football-Shoes-AG-Training-Boots-Long-Spikes-Botas.jpg_220x220.jpg"
"//ru.aliexpress.com/item/New-Men-Soccer-Shoes-Kids-Soccer-Cleats-FG-High-Ankle-Football-Boots-Boys-Training-Cleats-Sneakers/32816425739.html?s=p&ws_ab_test=searchweb0_0,searchweb201602_1_10152_10065_10151_10208_10068_5330011_10136_10137_10060_10155_10062_437_10154_10056_10055_10054_10059_303_100031_10099_5320012_10103_10102_10096_10052_10053_10142_10107_10050_10051_10170_10084_10083_10119_10080_10082_10081_10110_519_10111_10112_10113_10114_10182_10078_10079_10073_5260011_10123_10120_10189_10127_142_10125,searchweb201603_9,ppcSwitch_4&btsid=47a41e98-be7e-4e62-89ab-2eb796f98137&algo_expid=b38cee44-a08c-44ae-bc58-579f3c25805a-23&algo_pvid=b38cee44-a08c-44ae-bc58-579f3c25805a","Новые мужские футбольные бутсы детские футбольные бутсы FG высокие ботильоны Бутсы для мальчиков обучение бутсы кроссовки Zapato...","1 781,48 руб."," Заказы (0)","https://ae01.alicdn.com/kf/HTB1lz0NRVXXXXcLXVXXq6xXFXXXI/New-Men-Soccer-Shoes-Kids-Soccer-Cleats-FG-High-Ankle-Football-Boots-Boys-Training-Cleats-Sneakers.jpg_220x220.jpg"
"//ru.aliexpress.com/item/LEOCI-Kids-Boys-Men-High-Ankle-Football-Boots-FG-Soccer-Cleats-Shoes-Football-Trainers-Zapatos-De/32690134313.html?ws_ab_test=searchweb0_0,searchweb201602_1_10152_10065_10151_10208_10068_5330011_10136_10137_10060_10155_10062_437_10154_10056_10055_10054_10059_303_100031_10099_5320012_10103_10102_10096_10052_10053_10142_10107_10050_10051_10170_10084_10083_10119_10080_10082_10081_10110_519_10111_10112_10113_10114_10182_10078_10079_10073_5260011_10123_10120_10189_10127_142_10125-10119,searchweb201603_9,ppcSwitch_4&btsid=47a41e98-be7e-4e62-89ab-2eb796f98137&algo_expid=b38cee44-a08c-44ae-bc58-579f3c25805a-24&algo_pvid=b38cee44-a08c-44ae-bc58-579f3c25805a","FEOZYZ Дети Мальчики Мужчины Высокого Лодыжки Футбол Сапоги FG Футбол Утки Обувь Футбол Кроссовки Zapatos De Futbol Con Tobiller...","1 821,00 руб."," Заказы (0)","https://ae01.alicdn.com/kf/HTB1Gq7HPpXXXXX6XXXXq6xXFXXXv/LEOCI-Kids-Boys-Men-High-Ankle-Football-Boots-FG-Soccer-Cleats-Shoes-Football-Trainers-Zapatos-De.jpg_220x220.jpg"
"//ru.aliexpress.com/item/2014-New-arrival-second-generation-athletic-Soccer-football-shoes-adults-outdoor-Men-Soccer-World-Cup-football/1807271646.html?ws_ab_test=searchweb0_0,searchweb201602_1_10152_10065_10151_10208_10068_5330011_10136_10137_10060_10155_10062_437_10154_10056_10055_10054_10059_303_100031_10099_5320012_10103_10102_10096_10052_10053_10142_10107_10050_10051_10170_10084_10083_10119_10080_10082_10081_10110_519_10111_10112_10113_10114_10182_10078_10079_10073_5260011_10123_10120_10189_10127_142_10125-10120,searchweb201603_9,ppcSwitch_4&btsid=47a41e98-be7e-4e62-89ab-2eb796f98137&algo_expid=b38cee44-a08c-44ae-bc58-579f3c25805a-25&algo_pvid=b38cee44-a08c-44ae-bc58-579f3c25805a","TIEBAO Профессиональные FG и HG и AG Подошвы Футбольные Бутсы мужчины Женщины Открытый Спорт Футбол Утки Футбол Сапоги ботинес d...","1 889,54 руб."," Заказ (1)","https://ae01.alicdn.com/kf/HTB1Tvo1PFXXXXcaXFXXq6xXFXXXf/2014-New-arrival-second-generation-athletic-Soccer-football-shoes-adults-outdoor-Men-Soccer-World-Cup-football.jpg_220x220.jpg"
"//ru.aliexpress.com/item/Mens-Professional-Football-Shoes-FG-Soccer-Shoes-Sneakers-Male-Football-Boots-Cleats-Football-Shoes-Ankle-Sneaker/32816643373.html?ws_ab_test=searchweb0_0,searchweb201602_1_10152_10065_10151_10208_10068_5330011_10136_10137_10060_10155_10062_437_10154_10056_10055_10054_10059_303_100031_10099_5320012_10103_10102_10096_10052_10053_10142_10107_10050_10051_10170_10084_10083_10119_10080_10082_10081_10110_519_10111_10112_10113_10114_10182_10078_10079_10073_5260011_10123_10120_10189_10127_142_10125-10120,searchweb201603_9,ppcSwitch_4&btsid=47a41e98-be7e-4e62-89ab-2eb796f98137&algo_expid=b38cee44-a08c-44ae-bc58-579f3c25805a-26&algo_pvid=b38cee44-a08c-44ae-bc58-579f3c25805a","Мужские Профессиональные Футбольные Бутсы FG Футбольные БУТСЫ Кроссовки Мужские Футбольные Бутсы Бутсы Футбол Обувь Лодыжки Крос...","1 728,37 руб."," Заказы (0)","https://ae01.alicdn.com/kf/HTB1zEcoRpXXXXc_aFXXq6xXFXXXq/Mens-Professional-Football-Shoes-FG-Soccer-Shoes-Sneakers-Male-Football-Boots-Cleats-Football-Shoes-Ankle-Sneaker.jpg_220x220.jpg"
"//ru.aliexpress.com/item/Mens-Soccer-Shoes-2015-Sport-Football-Shoes-for-Man-Boys-Outdoor-Long-Spikes-FG-Football-Shoes/32515174555.html?ws_ab_test=searchweb0_0,searchweb201602_1_10152_10065_10151_10208_10068_5330011_10136_10137_10060_10155_10062_437_10154_10056_10055_10054_10059_303_100031_10099_5320012_10103_10102_10096_10052_10053_10142_10107_10050_10051_10170_10084_10083_10119_10080_10082_10081_10110_519_10111_10112_10113_10114_10182_10078_10079_10073_5260011_10123_10120_10189_10127_142_10125-10120,searchweb201603_9,ppcSwitch_4&btsid=47a41e98-be7e-4e62-89ab-2eb796f98137&algo_expid=b38cee44-a08c-44ae-bc58-579f3c25805a-27&algo_pvid=b38cee44-a08c-44ae-bc58-579f3c25805a","Мужские Футбольные Бутсы Спорт Футбол Обувь для Человека Мальчиков Открытый Длинные Шипы FG Футбол Обувь Мужская Кроссовки Футбо...","2 377,36 руб."," Заказы (0)","https://ae01.alicdn.com/kf/HTB1zGb_KXXXXXbXXpXXq6xXFXXXI/Mens-Soccer-Shoes-2015-Sport-Football-Shoes-for-Man-Boys-Outdoor-Long-Spikes-FG-Football-Shoes.jpg_220x220.jpg"
"//ru.aliexpress.com/item/Football-Shoes-FG-Children-Outdoor-Training-Shoes-Orange-Yellow-Green-Blue-Sports-Soccer-Shoes-Size-33/32749090761.html?ws_ab_test=searchweb0_0,searchweb201602_1_10152_10065_10151_10208_10068_5330011_10136_10137_10060_10155_10062_437_10154_10056_10055_10054_10059_303_100031_10099_5320012_10103_10102_10096_10052_10053_10142_10107_10050_10051_10170_10084_10083_10119_10080_10082_10081_10110_519_10111_10112_10113_10114_10182_10078_10079_10073_5260011_10123_10120_10189_10127_142_10125-10120,searchweb201603_9,ppcSwitch_4&btsid=47a41e98-be7e-4e62-89ab-2eb796f98137&algo_expid=b38cee44-a08c-44ae-bc58-579f3c25805a-28&algo_pvid=b38cee44-a08c-44ae-bc58-579f3c25805a","Футбольные Бутсы FG Дети Открытый Кроссовки Orange Yellow Green Blue Спорт Футбол Обувь Размер 33-44 Бесплатная Доставка","3 619,14 руб."," Заказы (0)","https://ae01.alicdn.com/kf/HTB17c35NFXXXXaZaXXXq6xXFXXXK/Football-Shoes-FG-Children-Outdoor-Training-Shoes-Orange-Yellow-Green-Blue-Sports-Soccer-Shoes-Size-33.jpg_220x220.jpg"
"//ru.aliexpress.com/item/36mm-Piston-Ring-29-30-5-cc-HPI-Baja-CY-KM-Rovan-Duratrax-5B-5T-Losi/32696374297.html?ws_ab_test=searchweb0_0,searchweb201602_1_10152_10065_10151_10208_10068_5330011_10136_10137_10060_10155_10062_437_10154_10056_10055_10054_10059_303_100031_10099_5320012_10103_10102_10096_10052_10053_10142_10107_10050_10051_10170_10084_10083_10119_10080_10082_10081_10110_519_10111_10112_10113_10114_10182_10078_10079_10073_5260011_10123_10120_10189_10127_142_10125-10120,searchweb201603_9,ppcSwitch_4&btsid=47a41e98-be7e-4e62-89ab-2eb796f98137&algo_expid=b38cee44-a08c-44ae-bc58-579f3c25805a-29&algo_pvid=b38cee44-a08c-44ae-bc58-579f3c25805a","36 мм Поршневых колец 29 30.5 cc HPI Baja КМ Rovan 5B Duratrax 5 Т Losi CY Zenoah FG 2 ШТ.","611,33 руб."," Заказы (0)","https://ae01.alicdn.com/kf/HTB1wNeiKVXXXXcFaXXXq6xXFXXXT/36mm-Piston-Ring-29-30-5-cc-HPI-Baja-CY-KM-Rovan-Duratrax-5B-5T-Losi.jpg_220x220.jpg"
"//ru.aliexpress.com/item/BAJA-modified-FG-tire-package-combines-with-tire-For-1-5-HPI-Baja-5B-5T-5SC/32617525080.html?ws_ab_test=searchweb0_0,searchweb201602_1_10152_10065_10151_10208_10068_5330011_10136_10137_10060_10155_10062_437_10154_10056_10055_10054_10059_303_100031_10099_5320012_10103_10102_10096_10052_10053_10142_10107_10050_10051_10170_10084_10083_10119_10080_10082_10081_10110_519_10111_10112_10113_10114_10182_10078_10079_10073_5260011_10123_10120_10189_10127_142_10125-10120,searchweb201603_9,ppcSwitch_4&btsid=47a41e98-be7e-4e62-89ab-2eb796f98137&algo_expid=b38cee44-a08c-44ae-bc58-579f3c25805a-30&algo_pvid=b38cee44-a08c-44ae-bc58-579f3c25805a","BAJA изменение FG шины пакет сочетает в себе с шины Для 1/5 HPI Baja 5B 5 Т 5SC","6 718,35 руб."," Заказы (0)","https://ae01.alicdn.com/kf/HTB1qBl1LVXXXXcsXpXXq6xXFXXX2/BAJA-modified-FG-tire-package-combines-with-tire-For-1-5-HPI-Baja-5B-5T-5SC.jpg_220x220.jpg"
"//ru.aliexpress.com/item/New-High-Ankle-Football-Boots-Men-Soccer-Shoes-Boys-Kids-Outdoor-Fustal-Shoes-FG-Football-Shoes/32777036373.html?s=p&ws_ab_test=searchweb0_0,searchweb201602_1_10152_10065_10151_10208_10068_5330011_10136_10137_10060_10155_10062_437_10154_10056_10055_10054_10059_303_100031_10099_5320012_10103_10102_10096_10052_10053_10142_10107_10050_10051_10170_10084_10083_10119_10080_10082_10081_10110_519_10111_10112_10113_10114_10182_10078_10079_10073_5260011_10123_10120_10189_10127_142_10125,searchweb201603_9,ppcSwitch_4&btsid=47a41e98-be7e-4e62-89ab-2eb796f98137&algo_expid=b38cee44-a08c-44ae-bc58-579f3c25805a-31&algo_pvid=b38cee44-a08c-44ae-bc58-579f3c25805a","Новые Высокие Лодыжки Футбол Сапоги Мужчины Футбол Обувь Мальчиков Дети открытый Fustal Бутсы FG Футбол Обувь Большой Размер 45 ...","2 051,94 руб."," Заказы (11)","https://ae01.alicdn.com/kf/HTB1yEmlPXXXXXXTaXXXq6xXFXXXj/New-High-Ankle-Football-Boots-Men-Soccer-Shoes-Boys-Kids-Outdoor-Fustal-Shoes-FG-Football-Shoes.jpg_220x220.jpg"
"//ru.aliexpress.com/item/Weimostar-2017-adult-children-s-football-boots-Shoes-Outdoor-TF-FG-soccer-shoes-Sneakers-chuteira-futebol/32809480574.html?ws_ab_test=searchweb0_0,searchweb201602_1_10152_10065_10151_10208_10068_5330011_10136_10137_10060_10155_10062_437_10154_10056_10055_10054_10059_303_100031_10099_5320012_10103_10102_10096_10052_10053_10142_10107_10050_10051_10170_10084_10083_10119_10080_10082_10081_10110_519_10111_10112_10113_10114_10182_10078_10079_10073_5260011_10123_10120_10189_10127_142_10125-10119,searchweb201603_9,ppcSwitch_4&btsid=47a41e98-be7e-4e62-89ab-2eb796f98137&algo_expid=b38cee44-a08c-44ae-bc58-579f3c25805a-32&algo_pvid=b38cee44-a08c-44ae-bc58-579f3c25805a","Weimostar 2017 взрослых детей сапоги футбол Обувь Открытый TF/FG футбольные БУТСЫ Кроссовки chuteira futebol Обучение футбол сап...","1 898,18 руб."," Заказ (1)","https://ae01.alicdn.com/kf/HTB1LH.eQVXXXXXoapXXq6xXFXXXj/Weimostar-2017-adult-children-s-football-boots-Shoes-Outdoor-TF-FG-soccer-shoes-Sneakers-chuteira-futebol.jpg_220x220.jpg"
"//ru.aliexpress.com/item/Intellective-RC-fire-off-switch-Baja-Gas-Engine-Remote-3rd-Channel-Marine-Zenoah-Bee-Kill-65035/32700843612.html?ws_ab_test=searchweb0_0,searchweb201602_1_10152_10065_10151_10208_10068_5330011_10136_10137_10060_10155_10062_437_10154_10056_10055_10054_10059_303_100031_10099_5320012_10103_10102_10096_10052_10053_10142_10107_10050_10051_10170_10084_10083_10119_10080_10082_10081_10110_519_10111_10112_10113_10114_10182_10078_10079_10073_5260011_10123_10120_10189_10127_142_10125-10120,searchweb201603_9,ppcSwitch_4&btsid=47a41e98-be7e-4e62-89ab-2eb796f98137&algo_expid=b38cee44-a08c-44ae-bc58-579f3c25805a-33&algo_pvid=b38cee44-a08c-44ae-bc58-579f3c25805a","Дистанционного Выключатель Baja подходят HPI Baja 5B, SS, 5 Т, 5SC, Losi 5ive-T, FG Мардер, Rovan, Используя 3-го Канала 63024","1 212,77 руб."," Заказы (8)","https://ae01.alicdn.com/kf/HTB1ugjVKVXXXXaDXXXXq6xXFXXXP/Intellective-RC-fire-off-switch-Baja-Gas-Engine-Remote-3rd-Channel-Marine-Zenoah-Bee-Kill-65035.jpg_220x220.jpg"
"//ru.aliexpress.com/item/High-Ankle-Soccer-Boots-Men-and-Kids-Football-Shoes-Boys-FG-Soccer-Cleats-Shoes-With-Socks/32781380119.html?ws_ab_test=searchweb0_0,searchweb201602_1_10152_10065_10151_10208_10068_5330011_10136_10137_10060_10155_10062_437_10154_10056_10055_10054_10059_303_100031_10099_5320012_10103_10102_10096_10052_10053_10142_10107_10050_10051_10170_10084_10083_10119_10080_10082_10081_10110_519_10111_10112_10113_10114_10182_10078_10079_10073_5260011_10123_10120_10189_10127_142_10125-10119,searchweb201603_9,ppcSwitch_4&btsid=47a41e98-be7e-4e62-89ab-2eb796f98137&algo_expid=b38cee44-a08c-44ae-bc58-579f3c25805a-34&algo_pvid=b38cee44-a08c-44ae-bc58-579f3c25805a","Высокая Лодыжки Футбольные Ботинки Мужчины и Дети Футбол Обувь Мальчиков FG Футбол Утки Обувь С Носками Спортивной Подготовки Сп...","1 606,11 - 1 724,67 руб."," Заказы (13)","https://ae01.alicdn.com/kf/HTB1afkFOFXXXXbRapXXq6xXFXXXP/High-Ankle-Soccer-Boots-Men-and-Kids-Football-Shoes-Boys-FG-Soccer-Cleats-Shoes-With-Socks.jpg_220x220.jpg"
"//ru.aliexpress.com/item/1-5-Rovan-RC-Basic-Ruiing-Carburetor-Carb-Fits-HPI-Baja-5B-5T-SS-King-Motor/32790609789.html?ws_ab_test=searchweb0_0,searchweb201602_1_10152_10065_10151_10208_10068_5330011_10136_10137_10060_10155_10062_437_10154_10056_10055_10054_10059_303_100031_10099_5320012_10103_10102_10096_10052_10053_10142_10107_10050_10051_10170_10084_10083_10119_10080_10082_10081_10110_519_10111_10112_10113_10114_10182_10078_10079_10073_5260011_10123_10120_10189_10127_142_10125-10102,searchweb201603_9,ppcSwitch_4&btsid=47a41e98-be7e-4e62-89ab-2eb796f98137&algo_expid=b38cee44-a08c-44ae-bc58-579f3c25805a-35&algo_pvid=b38cee44-a08c-44ae-bc58-579f3c25805a","1/5 Rovan RC Основные Ruiing Карбюратор, карбюратор Подходит HPI Baja 5B 5 Т SS Король Мотор FG","864,50 руб."," Заказы (10)","https://ae01.alicdn.com/kf/HTB1IPTzPpXXXXagXXXXq6xXFXXXe/1-5-Rovan-RC-Basic-Ruiing-Carburetor-Carb-Fits-HPI-Baja-5B-5T-SS-King-Motor.jpg_220x220.jpg"
"//ru.aliexpress.com/item/Brand-Boys-Kids-Men-Soccer-Shoes-High-Ankle-Football-Boots-FG-Soccer-Boots-Outdoor-Crampons-De/32737286644.html?ws_ab_test=searchweb0_0,searchweb201602_1_10152_10065_10151_10208_10068_5330011_10136_10137_10060_10155_10062_437_10154_10056_10055_10054_10059_303_100031_10099_5320012_10103_10102_10096_10052_10053_10142_10107_10050_10051_10170_10084_10083_10119_10080_10082_10081_10110_519_10111_10112_10113_10114_10182_10078_10079_10073_5260011_10123_10120_10189_10127_142_10125-10119,searchweb201603_9,ppcSwitch_4&btsid=47a41e98-be7e-4e62-89ab-2eb796f98137&algo_expid=b38cee44-a08c-44ae-bc58-579f3c25805a-36&algo_pvid=b38cee44-a08c-44ae-bc58-579f3c25805a","Марка Мальчики Дети Мужчины Футбол Обувь Высокого Лодыжки Футбол Сапоги FG Футбол Сапоги Открытый Скобы Де Ног Hautes Chevilles ...","1 595,61 - 1 697,50 руб."," Заказы (2)","https://ae01.alicdn.com/kf/HTB1GmWtNpXXXXc9XFXXq6xXFXXXz/Brand-Boys-Kids-Men-Soccer-Shoes-High-Ankle-Football-Boots-FG-Soccer-Boots-Outdoor-Crampons-De.jpg_220x220.jpg"
"//ru.aliexpress.com/item/Mens-Football-Boots-Cleats-Long-Spikes-FG-Men-Soccer-Boots-Outdoor-Training-Soccer-Shoes-Chuteira-Futebol/32618054880.html?ws_ab_test=searchweb0_0,searchweb201602_1_10152_10065_10151_10208_10068_5330011_10136_10137_10060_10155_10062_437_10154_10056_10055_10054_10059_303_100031_10099_5320012_10103_10102_10096_10052_10053_10142_10107_10050_10051_10170_10084_10083_10119_10080_10082_10081_10110_519_10111_10112_10113_10114_10182_10078_10079_10073_5260011_10123_10120_10189_10127_142_10125-10120,searchweb201603_9,ppcSwitch_4&btsid=47a41e98-be7e-4e62-89ab-2eb796f98137&algo_expid=b38cee44-a08c-44ae-bc58-579f3c25805a-37&algo_pvid=b38cee44-a08c-44ae-bc58-579f3c25805a","Tiebao Мужские Футбольные Бутсы Бутсы Длинные Шипы FG Мужчины Футбол Сапоги На Открытом Воздухе Кроссовки Chuteira Futebol Спорт...","1 832,73 руб."," Заказы (0)","https://ae01.alicdn.com/kf/HTB1iGXRLVXXXXa9aXXXq6xXFXXXZ/Mens-Football-Boots-Cleats-Long-Spikes-FG-Men-Soccer-Boots-Outdoor-Training-Soccer-Shoes-Chuteira-Futebol.jpg_220x220.jpg"
"//ru.aliexpress.com/item/TIEBAO-Outdoor-Men-Women-Football-Shoes-Breathable-FG-HG-AG-SG-Soles-Football-Cleats-Athletic-Soccer/32733339881.html?ws_ab_test=searchweb0_0,searchweb201602_1_10152_10065_10151_10208_10068_5330011_10136_10137_10060_10155_10062_437_10154_10056_10055_10054_10059_303_100031_10099_5320012_10103_10102_10096_10052_10053_10142_10107_10050_10051_10170_10084_10083_10119_10080_10082_10081_10110_519_10111_10112_10113_10114_10182_10078_10079_10073_5260011_10123_10120_10189_10127_142_10125-10120,searchweb201603_9,ppcSwitch_4&btsid=47a41e98-be7e-4e62-89ab-2eb796f98137&algo_expid=b38cee44-a08c-44ae-bc58-579f3c25805a-38&algo_pvid=b38cee44-a08c-44ae-bc58-579f3c25805a","TIEBAO Открытый Мужчины Женщины Футбольные Бутсы Дышащие FG и HG и AG & S Athletic Подошвы Футбол Бутсы Футбол Обувь Кроссовки, ...","1 889,54 руб."," Заказы (0)","https://ae01.alicdn.com/kf/HTB1cMqtQpXXXXcJXXXXq6xXFXXXx/TIEBAO-Outdoor-Men-Women-Football-Shoes-Breathable-FG-HG-AG-SG-Soles-Football-Cleats-Athletic-Soccer.jpg_220x220.jpg"
"//ru.aliexpress.com/item/Size-39-46-Training-Football-Boots-Cheap-High-Ankle-Soccer-Cleats-Shoes-Outdoor-FG-Superfly-Soccer/32753437354.html?s=p&ws_ab_test=searchweb0_0,searchweb201602_1_10152_10065_10151_10208_10068_5330011_10136_10137_10060_10155_10062_437_10154_10056_10055_10054_10059_303_100031_10099_5320012_10103_10102_10096_10052_10053_10142_10107_10050_10051_10170_10084_10083_10119_10080_10082_10081_10110_519_10111_10112_10113_10114_10182_10078_10079_10073_5260011_10123_10120_10189_10127_142_10125,searchweb201603_9,ppcSwitch_4&btsid=47a41e98-be7e-4e62-89ab-2eb796f98137&algo_expid=b38cee44-a08c-44ae-bc58-579f3c25805a-39&algo_pvid=b38cee44-a08c-44ae-bc58-579f3c25805a","Размер 39-46 Обучение Футбол Сапоги Дешевые Высокого Лодыжки Футбольные Бутсы Бутсы Открытый FG Superfly Футбольные Ботинки Мужч...","1 697,50 руб."," Заказы (23)","https://ae01.alicdn.com/kf/HTB1HkkDPpXXXXXKXXXXq6xXFXXXx/Size-39-46-Training-Football-Boots-Cheap-High-Ankle-Soccer-Cleats-Shoes-Outdoor-FG-Superfly-Soccer.jpg_220x220.jpg"
"//ru.aliexpress.com/item/Outdoor-Lawn-Soccer-Shoes-Men-women-kids-FG-Football-Shoes-Boots-Long-Spikers-Soccer-Boot-Cleats/32817511485.html?ws_ab_test=searchweb0_0,searchweb201602_1_10152_10065_10151_10208_10068_5330011_10136_10137_10060_10155_10062_437_10154_10056_10055_10054_10059_303_100031_10099_5320012_10103_10102_10096_10052_10053_10142_10107_10050_10051_10170_10084_10083_10119_10080_10082_10081_10110_519_10111_10112_10113_10114_10182_10078_10079_10073_5260011_10123_10120_10189_10127_142_10125-10120,searchweb201603_9,ppcSwitch_4&btsid=47a41e98-be7e-4e62-89ab-2eb796f98137&algo_expid=b38cee44-a08c-44ae-bc58-579f3c25805a-40&algo_pvid=b38cee44-a08c-44ae-bc58-579f3c25805a","Крытый Футбольные Бутсы Мужчины женщины дети Бутсы FG Футбол Обувь Сапоги Длинные Spikers Футбол Загрузки Тренер Спорт Футбол Та...","1 322,68 руб."," Заказы (0)","https://ae01.alicdn.com/kf/HTB1sg1dRFXXXXXZaXXXq6xXFXXXu/Outdoor-Lawn-Soccer-Shoes-Men-women-kids-FG-Football-Shoes-Boots-Long-Spikers-Soccer-Boot-Cleats.jpg_220x220.jpg"
"//ru.aliexpress.com/item/TOURSHT-Men-FG-Football-Boots-Light-Weight-Soccer-Cleats-Men-Soccer-Shoes-Outdoor-Firm-Ground-Chuteira/32800432151.html?ws_ab_test=searchweb0_0,searchweb201602_1_10152_10065_10151_10208_10068_5330011_10136_10137_10060_10155_10062_437_10154_10056_10055_10054_10059_303_100031_10099_5320012_10103_10102_10096_10052_10053_10142_10107_10050_10051_10170_10084_10083_10119_10080_10082_10081_10110_519_10111_10112_10113_10114_10182_10078_10079_10073_5260011_10123_10120_10189_10127_142_10125-10120,searchweb201603_9,ppcSwitch_4&btsid=47a41e98-be7e-4e62-89ab-2eb796f98137&algo_expid=b38cee44-a08c-44ae-bc58-579f3c25805a-41&algo_pvid=b38cee44-a08c-44ae-bc58-579f3c25805a","TOURSHT Мужчины FG Футбол Сапоги Легкий Вес Футбол Бутсы Мужчины Футбол Обувь Открытый Плотного Грунта Chuteira Futebol Мальчик ...","1 477,05 - 1 654,89 руб."," Заказы (0)","https://ae01.alicdn.com/kf/HTB1CCC7QXXXXXXGXVXXq6xXFXXXu/TOURSHT-Men-FG-Football-Boots-Light-Weight-Soccer-Cleats-Men-Soccer-Shoes-Outdoor-Firm-Ground-Chuteira.jpg_220x220.jpg"
"//ru.aliexpress.com/item/1-5-RC-FS-Racing-Tuned-Pipe-FG-MCD-RAMPAGE-Truck-Buggy-TS-06/426321500.html?ws_ab_test=searchweb0_0,searchweb201602_1_10152_10065_10151_10208_10068_5330011_10136_10137_10060_10155_10062_437_10154_10056_10055_10054_10059_303_100031_10099_5320012_10103_10102_10096_10052_10053_10142_10107_10050_10051_10170_10084_10083_10119_10080_10082_10081_10110_519_10111_10112_10113_10114_10182_10078_10079_10073_5260011_10123_10120_10189_10127_142_10125-10119,searchweb201603_9,ppcSwitch_4&btsid=47a41e98-be7e-4e62-89ab-2eb796f98137&algo_expid=b38cee44-a08c-44ae-bc58-579f3c25805a-42&algo_pvid=b38cee44-a08c-44ae-bc58-579f3c25805a","1/5 RC FS Гонки Выхлопная Труба, FG MCD RAMPAGE, грузовик, багги (TS-06)","2 284,12 руб."," Заказы (4)","https://ae01.alicdn.com/kf/HTB1WF2DHVXXXXcNXpXXq6xXFXXXH/1-5-RC-FS-Racing-Tuned-Pipe-FG-MCD-RAMPAGE-Truck-Buggy-TS-06-.jpg_220x220.jpg"
"//ru.aliexpress.com/item/Engine-Spark-Plug-for-1-5-fg-baja-hpi-5b-5t-ss/495640810.html?ws_ab_test=searchweb0_0,searchweb201602_1_10152_10065_10151_10208_10068_5330011_10136_10137_10060_10155_10062_437_10154_10056_10055_10054_10059_303_100031_10099_5320012_10103_10102_10096_10052_10053_10142_10107_10050_10051_10170_10084_10083_10119_10080_10082_10081_10110_519_10111_10112_10113_10114_10182_10078_10079_10073_5260011_10123_10120_10189_10127_142_10125-10119,searchweb201603_9,ppcSwitch_4&btsid=47a41e98-be7e-4e62-89ab-2eb796f98137&algo_expid=b38cee44-a08c-44ae-bc58-579f3c25805a-43&algo_pvid=b38cee44-a08c-44ae-bc58-579f3c25805a","Двигателя Свечи Зажигания для 1/5 fg baja hpi 5b, 5 т, с. с.","778,05 руб."," Заказы (2)","https://ae01.alicdn.com/kf/HTB10rMFHVXXXXcfXpXXq6xXFXXXh/Engine-Spark-Plug-for-1-5-fg-baja-hpi-5b-5t-ss.jpg_220x220.jpg"
"//ru.aliexpress.com/item/1-5-FG-Marder-Wheels-and-Tires-TS-101/426359548.html?ws_ab_test=searchweb0_0,searchweb201602_1_10152_10065_10151_10208_10068_5330011_10136_10137_10060_10155_10062_437_10154_10056_10055_10054_10059_303_100031_10099_5320012_10103_10102_10096_10052_10053_10142_10107_10050_10051_10170_10084_10083_10119_10080_10082_10081_10110_519_10111_10112_10113_10114_10182_10078_10079_10073_5260011_10123_10120_10189_10127_142_10125-10119,searchweb201603_9,ppcSwitch_4&btsid=47a41e98-be7e-4e62-89ab-2eb796f98137&algo_expid=b38cee44-a08c-44ae-bc58-579f3c25805a-44&algo_pvid=b38cee44-a08c-44ae-bc58-579f3c25805a","1/5 FG Мардер Колеса и Шины (TS-101)","4 885,01 руб."," Заказы (0)","https://ae01.alicdn.com/kf/HTB18t3GHVXXXXb5XpXXq6xXFXXXe/1-5-FG-Marder-Wheels-and-Tires-TS-101-.jpg_220x220.jpg"
"//ru.aliexpress.com/item/Laughterbacher-4-Shoe-Clutch-for-1-5-fg-truck-and-buggy-car/2032740377.html?ws_ab_test=searchweb0_0,searchweb201602_1_10152_10065_10151_10208_10068_5330011_10136_10137_10060_10155_10062_437_10154_10056_10055_10054_10059_303_100031_10099_5320012_10103_10102_10096_10052_10053_10142_10107_10050_10051_10170_10084_10083_10119_10080_10082_10081_10110_519_10111_10112_10113_10114_10182_10078_10079_10073_5260011_10123_10120_10189_10127_142_10125-10119,searchweb201603_9,ppcSwitch_4&btsid=47a41e98-be7e-4e62-89ab-2eb796f98137&algo_expid=b38cee44-a08c-44ae-bc58-579f3c25805a-45&algo_pvid=b38cee44-a08c-44ae-bc58-579f3c25805a","Laughterbacher 4 Чистка Сцепления для 1/5 fg грузовиков и багги автомобиля","3 022,64 руб."," Заказ (1)","https://ae01.alicdn.com/kf/HTB15WTNRpXXXXcuaFXXq6xXFXXX8/Laughterbacher-4-Shoe-Clutch-for-1-5-fg-truck-and-buggy-car.jpg_220x220.jpg"
"//ru.aliexpress.com/item/29cc-engine-Booster-for-FG-baja-buggy-monster-truck-TS-2000/459878172.html?ws_ab_test=searchweb0_0,searchweb201602_1_10152_10065_10151_10208_10068_5330011_10136_10137_10060_10155_10062_437_10154_10056_10055_10054_10059_303_100031_10099_5320012_10103_10102_10096_10052_10053_10142_10107_10050_10051_10170_10084_10083_10119_10080_10082_10081_10110_519_10111_10112_10113_10114_10182_10078_10079_10073_5260011_10123_10120_10189_10127_142_10125-10119,searchweb201603_9,ppcSwitch_4&btsid=47a41e98-be7e-4e62-89ab-2eb796f98137&algo_expid=b38cee44-a08c-44ae-bc58-579f3c25805a-46&algo_pvid=b38cee44-a08c-44ae-bc58-579f3c25805a","Двигатель усилитель для 1/5 HPI FG baja багги / монстр грузовик ( TS-2000 )","2 809,61 руб."," Заказы (0)","https://ae01.alicdn.com/kf/HTB1LrwFHVXXXXb1XpXXq6xXFXXXw/29cc-engine-Booster-for-FG-baja-buggy-monster-truck-TS-2000-.jpg_220x220.jpg"
"//ru.aliexpress.com/item/FEOZYZ-2017-New-Firm-Ground-Football-Boots-Botas-De-Futbol-Con-Tobillera-Outdoor-FG-Soccer-Cleats/32794821807.html?s=p&ws_ab_test=searchweb0_0,searchweb201602_1_10152_10065_10151_10208_10068_5330011_10136_10137_10060_10155_10062_437_10154_10056_10055_10054_10059_303_100031_10099_5320012_10103_10102_10096_10052_10053_10142_10107_10050_10051_10170_10084_10083_10119_10080_10082_10081_10110_519_10111_10112_10113_10114_10182_10078_10079_10073_5260011_10123_10120_10189_10127_142_10125,searchweb201603_9,ppcSwitch_4&btsid=47a41e98-be7e-4e62-89ab-2eb796f98137&algo_expid=b38cee44-a08c-44ae-bc58-579f3c25805a-47&algo_pvid=b38cee44-a08c-44ae-bc58-579f3c25805a","FEOZYZ 2017 Новый Плотного Грунта Бутсы Botas Де футбол Con Tobillera Открытый FG Футбольные Бутсы Водонепроницаемые Футбольные ...","1 675,27 руб."," Заказы (13)","https://ae01.alicdn.com/kf/HTB1_TVuPVXXXXbdaXXXq6xXFXXXi/FEOZYZ-2017-New-Firm-Ground-Football-Boots-Botas-De-Futbol-Con-Tobillera-Outdoor-FG-Soccer-Cleats.jpg_220x220.jpg"
